location,date,total_cases,new_cases,log_new_cases,new_cases_smoothed,total_deaths,new_deaths,log_new_Deaths,new_deaths_smoothed,total_cases_per_million,new_cases_per_million,new_cases_smoothed_per_million,total_deaths_per_million,new_deaths_per_million,new_deaths_smoothed_per_million,icu_patients,icu_patients_per_million,hosp_patients,hosp_patients_per_million,weekly_icu_admissions,weekly_icu_admissions_per_million,weekly_hosp_admissions,weekly_hosp_admissions_per_million,new_tests,new_tests_s,,,log_new_test,total_tests,total_tests_per_thousand,new_tests_per_thousand,new_tests_smoothed,new_tests_smoothed_per_thousand,positive_rate,tests_per_case
Belgium,04/02/2020,1,1,0,,,,,,0.086,0.086,,,,,,,,,,,,,,,,,,,,,,,,
Belgium,05/02/2020,1,0,0,,,,,,0.086,0,,,,,,,,,,,,,,,,,,,,,,,,
Belgium,06/02/2020,1,0,0,,,,,,0.086,0,,,,,,,,,,,,,,,,,,,,,,,,
Belgium,07/02/2020,1,0,0,,,,,,0.086,0,,,,,,,,,,,,,,,,,,,,,,,,
Belgium,08/02/2020,1,0,0,,,,,,0.086,0,,,,,,,,,,,,,,,,,,,,,,,,
Belgium,09/02/2020,1,0,0,0.143,,,,0,0.086,0,0.012,,,0,,,,,,,,,,,,,,,,,,,,
Belgium,10/02/2020,1,0,0,0.143,,,,0,0.086,0,0.012,,,0,,,,,,,,,,0,,,,,,,,,,
Belgium,11/02/2020,1,0,0,0,,,,0,0.086,0,0,,,0,,,,,,,,,,0,,,,,,,,,,
Belgium,12/02/2020,1,0,0,0,,,,0,0.086,0,0,,,0,,,,,,,,,,0,,,,,,,,,,
Belgium,13/02/2020,1,0,0,0,,,,0,0.086,0,0,,,0,,,,,,,,,,0,,,,,,,,,,
Belgium,14/02/2020,1,0,0,0,,,,0,0.086,0,0,,,0,,,,,,,,,,0,,,,,,,,,,
Belgium,15/02/2020,1,0,0,0,,,,0,0.086,0,0,,,0,,,,,,,,,,0,,,,,,,,,,
Belgium,16/02/2020,1,0,0,0,,,,0,0.086,0,0,,,0,,,,,,,,,,0,,,,,,,,,,
Belgium,17/02/2020,1,0,0,0,,,,0,0.086,0,0,,,0,,,,,,,,,,0,,,,,,,,,,
Belgium,18/02/2020,1,0,0,0,,,,0,0.086,0,0,,,0,,,,,,,,,,0,,,,,,,,,,
Belgium,19/02/2020,1,0,0,0,,,,0,0.086,0,0,,,0,,,,,,,,,,0,,,,,,,,,,
Belgium,20/02/2020,1,0,0,0,,,,0,0.086,0,0,,,0,,,,,,,,,,0,,,,,,,,,,
Belgium,21/02/2020,1,0,0,0,,,,0,0.086,0,0,,,0,,,,,,,,,,0,,,,,,,,,,
Belgium,22/02/2020,1,0,0,0,,,,0,0.086,0,0,,,0,,,,,,,,,,0,,,,,,,,,,
Belgium,23/02/2020,1,0,0,0,,,,0,0.086,0,0,,,0,,,,,,,,,,0,,,,,,,,,,
Belgium,24/02/2020,1,0,0,0,,,,0,0.086,0,0,,,0,,,,,,,,,,0,,,,,,,,,,
Belgium,25/02/2020,1,0,0,0,,,,0,0.086,0,0,,,0,,,,,,,,,,0,,,,,,,,,,
Belgium,26/02/2020,1,0,0,0,,,,0,0.086,0,0,,,0,,,,,,,,,,0,,,,,,,,,,
Belgium,27/02/2020,1,0,0,0,,,,0,0.086,0,0,,,0,,,,,,,,,,0,,,,,,,,,,
Belgium,28/02/2020,1,0,0,0,,,,0,0.086,0,0,,,0,,,,,,,,,,0,,,,,,,,,,
Belgium,29/02/2020,1,0,0,0,,,,0,0.086,0,0,,,0,,,,,,,,,,0,,,,,,,,,,
Belgium,01/03/2020,2,1,0,0.143,,,,0,0.173,0.086,0.012,,,0,,,,,,,,,82,11.71428571,,,1.068715812,82,0.007,0.007,,,,
Belgium,02/03/2020,8,6,0.77815125,1,,,,0,0.69,0.518,0.086,,,0,,,,,,,,,317,57,,,1.755874856,399,0.034,0.027,,,,
Belgium,03/03/2020,13,5,0.698970004,1.714,,,,0,1.122,0.431,0.148,,,0,,,,,,,,,538,133.8571429,,,2.126641551,937,0.081,0.046,,,,
Belgium,04/03/2020,23,10,1,3.143,,,,0,1.985,0.863,0.271,,,0,,,,,,,,,701,234,,,2.369215857,1638,0.141,0.06,,,,
Belgium,05/03/2020,50,27,1.431363764,7,,,,0,4.314,2.33,0.604,,,0,,,,,,,,,773,344.4285714,,,2.53709917,2411,0.208,0.067,,,,
Belgium,06/03/2020,109,59,1.770852012,15.429,,,,0,9.405,5.091,1.331,,,0,,,,,,,,,1119,504.2857143,,,2.702676665,3530,0.305,0.097,,,,
Belgium,07/03/2020,169,60,1.77815125,24,,,,0,14.582,5.177,2.071,,,0,,,,,,,,,475,572.1428571,,,2.75750448,4005,0.346,0.041,,,0.062,16.1
Belgium,08/03/2020,200,31,1.491361694,28.286,,,,0,17.257,2.675,2.441,,,0,,,,,,,,,483,629.4285714,,,2.798946453,4488,0.387,0.042,629,0.054,0.068,14.7
Belgium,09/03/2020,239,39,1.591064607,33,,,,0,20.622,3.365,2.847,,,0,,,,,,,,,610,671.2857143,,,2.826907405,5098,0.44,0.053,671,0.058,0.069,14.5
Belgium,10/03/2020,267,28,1.447158031,36.286,,,,0,23.038,2.416,3.131,,,0,,,,,,,,,804,709.2857143,,,2.850821213,5902,0.509,0.069,709,0.061,0.073,13.7
Belgium,11/03/2020,314,47,1.672097858,41.571,3,3,0.477121255,0.429,27.093,4.055,3.587,0.259,0.259,0.037,,,,,,,,,1108,767.4285714,,,2.885037964,7010,0.605,0.096,767,0.066,0.079,12.7
Belgium,12/03/2020,314,0,#NUM!,37.714,3,0,0,0.429,27.093,0,3.254,0.259,0,0.037,,,,,,,,,1438,862.4285714,,,2.935723136,8448,0.729,0.124,862,0.074,0.084,11.9
Belgium,13/03/2020,559,245,2.389166084,64.286,3,0,0,0.429,48.233,21.14,5.547,0.259,0,0.037,,,,,,,,,2524,1063.142857,,,3.026591626,10972,0.947,0.218,1063,0.092,0.09,11.1
Belgium,14/03/2020,689,130,2.113943352,74.286,4,1,0,0.571,59.45,11.217,6.41,0.345,0.086,0.049,,,,,,,,,2171,1305.428571,,,3.115753114,13143,1.134,0.187,1305,0.113,0.089,11.2
Belgium,15/03/2020,886,197,2.294466226,98,4,0,0,0.571,76.448,16.998,8.456,0.345,0,0.049,54,4.659,266,22.952,,,1541.84,133.036,1269,1417.714286,,,3.151588716,14412,1.244,0.109,1418,0.122,0.095,10.5
Belgium,16/03/2020,1058,172,2.235528447,117,5,1,0,0.714,91.289,14.841,10.095,0.431,0.086,0.062,79,6.816,370,31.925,,,,,1892,1600.857143,,,3.204352578,16304,1.407,0.163,1601,0.138,0.104,9.6
Belgium,17/03/2020,1243,185,2.267171728,139.429,10,5,0.698970004,1.429,107.251,15.963,12.03,0.863,0.431,0.123,100,8.628,497,42.883,,,,,2255,1808.142857,,,3.25723274,18559,1.601,0.195,1808,0.156,0.122,8.2
Belgium,18/03/2020,1486,243,2.385606274,167.429,14,4,0.602059991,1.571,128.218,20.967,14.446,1.208,0.345,0.136,131,11.303,650,56.085,,,,,2714,2037.571429,,,3.309112842,21273,1.836,0.234,2038,0.176,0.136,7.4
Belgium,19/03/2020,1795,309,2.489958479,211.571,21,7,0.84509804,2.571,154.88,26.662,18.255,1.812,0.604,0.222,165,14.237,844,72.824,,,,,3395,2317.142857,,,3.36495281,24668,2.128,0.293,2317,0.2,0.155,6.5
Belgium,20/03/2020,2257,462,2.664641976,242.571,37,16,1.204119983,4.857,194.743,39.863,20.93,3.193,1.381,0.419,228,19.673,1101,94.999,,,,,3120,2402.285714,,,3.380624659,27788,2.398,0.269,2402,0.207,0.183,5.5
Belgium,21/03/2020,2815,558,2.746634199,303.714,67,30,1.477121255,9,242.89,48.147,26.206,5.781,2.589,0.777,290,25.022,1384,119.417,,,,,2276,2417.285714,,,3.383327985,30064,2.594,0.196,2417,0.209,0.21,4.8
Belgium,22/03/2020,3401,586,2.767897616,359.286,75,8,0.903089987,10.143,293.452,50.563,31.001,6.471,0.69,0.875,322,27.783,1646,142.024,,,1541.84,133.036,1414,2438,,,3.387033701,31478,2.716,0.122,2438,0.21,0.222,4.5
Belgium,23/03/2020,3743,342,2.534026106,383.571,88,13,1.113943352,11.857,322.962,29.509,33.096,7.593,1.122,1.023,385,33.219,1883,162.473,,,,,3322,2642.285714,,,3.421979777,34800,3.003,0.287,2642,0.228,0.251,4
Belgium,24/03/2020,4269,526,2.720985744,432.286,122,34,1.531478917,16,368.347,45.385,37.299,10.527,2.934,1.381,474,40.899,2140,184.648,,,,,3975,2888,,,3.460597189,38775,3.346,0.343,2888,0.249,0.274,3.6
Belgium,25/03/2020,4937,668,2.824776462,493,178,56,1.748188027,23.429,425.985,57.638,42.538,15.359,4.832,2.022,612,52.806,2721,234.779,,,,,4282,3112,,,3.493039588,43057,3.715,0.369,3112,0.269,0.294,3.4
Belgium,26/03/2020,6235,1298,3.113274692,634.286,220,42,1.62324929,28.429,537.982,111.997,54.729,18.983,3.624,2.453,690,59.536,3077,265.496,,,,,4363,3250.285714,,,3.511921539,47420,4.092,0.376,3250,0.28,0.312,3.2
Belgium,27/03/2020,7284,1049,3.020775488,718.143,289,69,1.838849091,36,628.494,90.512,61.964,24.936,5.954,3.106,789,68.078,3650,314.937,,,,,4930,3508.857143,,,3.545165687,52350,4.517,0.425,3509,0.303,0.319,3.1
Belgium,28/03/2020,9134,1850,3.267171728,902.714,353,64,1.806179974,40.857,788.119,159.626,77.89,30.458,5.522,3.525,867,74.808,4089,352.816,,,,,3850,3733.714286,,,3.572141081,56200,4.849,0.332,3734,0.322,0.324,3.1
Belgium,29/03/2020,10836,1702,3.230959556,1062.143,431,78,1.892094603,50.857,934.975,146.856,91.646,37.188,6.73,4.388,942,81.28,4480,386.553,,,3531.865,304.744,2419,3877.285714,,,3.588527805,58619,5.058,0.209,3877,0.335,0.327,3.1
Belgium,30/03/2020,11899,1063,3.026533265,1165.143,513,82,1.913813852,60.714,1026.695,91.72,100.533,44.264,7.075,5.239,1021,88.096,4897,422.533,,,,,4101,3988.571429,,,3.600817374,62720,5.412,0.354,3989,0.344,0.325,3.1
Belgium,31/03/2020,12775,876,2.942504106,1215.143,705,192,2.283301229,83.286,1102.28,75.585,104.848,60.83,16.567,7.186,1088,93.877,4989,430.472,,,,,6432,4339.571429,,,3.637446841,69152,5.967,0.555,4340,0.374,0.318,3.1
Belgium,01/04/2020,13964,1189,3.075181855,1289.571,828,123,2.089905111,92.857,1204.872,102.592,111.27,71.443,10.613,8.012,1144,98.709,5220,450.403,,,,,5891,4569.428571,,,3.659861893,75043,6.475,0.508,4569,0.394,0.311,3.2
Belgium,02/04/2020,15348,1384,3.14113609,1301.857,1011,183,2.26245109,113,1324.289,119.417,112.33,87.233,15.79,9.75,1205,103.972,5383,464.468,,,,,6088,4815.857143,,,3.682673596,81131,7,0.525,4816,0.416,0.302,3.3
Belgium,03/04/2020,16770,1422,3.152899596,1355.143,1143,132,2.120573931,122,1446.985,122.696,116.927,98.623,11.39,10.527,1245,107.424,5513,475.684,,,,,6718,5071.285714,,,3.705118079,87849,7.58,0.58,5071,0.438,0.297,3.4
Belgium,04/04/2020,18431,1661,3.220369632,1328.143,1283,140,2.146128036,132.857,1590.303,143.318,114.598,110.703,12.08,11.463,1261,108.804,5531,477.238,,,,,5368,5288.142857,,,3.723303179,93217,8.043,0.463,5288,0.456,0.29,3.4
Belgium,05/04/2020,19691,1260,3.100370545,1265,1447,164,2.214843848,145.143,1699.021,108.718,109.149,124.853,14.151,12.524,1267,109.322,5620,484.917,,,3585.486,309.371,3828,5489.428571,,,3.739527138,97045,8.373,0.33,5489,0.474,0.282,3.5
Belgium,06/04/2020,20814,1123,3.050379756,1273.571,1632,185,2.267171728,159.857,1795.918,96.897,109.889,140.816,15.963,13.793,1260,108.718,5759,496.91,,,,,5840,5737.857143,,,3.758749731,102885,8.877,0.504,5738,0.495,0.273,3.7
Belgium,07/04/2020,22194,1380,3.139879086,1345.571,2035,403,2.605305046,190,1914.99,119.072,116.101,175.588,34.773,16.394,1276,110.099,5715,493.114,,,,,7509,5891.714286,,,3.770241678,110394,9.525,0.648,5892,0.508,0.267,3.7
Belgium,08/04/2020,23403,1209,3.082426301,1348.429,2240,205,2.311753861,201.714,2019.308,104.318,116.348,193.276,17.688,17.405,1285,110.875,5616,484.572,,,,,7972,6189,,,3.791620483,118366,10.213,0.688,6189,0.534,0.256,3.9
Belgium,09/04/2020,24983,1580,3.198657087,1376.429,2523,283,2.451786436,216,2155.637,136.329,118.764,217.695,24.418,18.637,1278,110.271,5636,486.297,,,,,8224,6494.142857,,,3.812521838,126590,10.923,0.71,6494,0.56,0.248,4
Belgium,10/04/2020,26667,1684,3.226342087,1413.857,3019,496,2.695481676,268,2300.939,145.302,121.993,260.492,42.797,23.124,1262,108.891,5659,488.282,,,,,8537,6754,,,3.829561056,135127,11.659,0.737,6754,0.583,0.237,4.2
Belgium,11/04/2020,28018,1351,3.130655349,1369.571,3346,327,2.514547753,294.714,2417.509,116.57,118.172,288.707,28.215,25.429,1232,106.302,5437,469.127,,,,,8148,7151.142857,,,3.854375454,143275,12.362,0.703,7151,0.617,0.225,4.4
Belgium,12/04/2020,29647,1629,3.211921084,1422.286,3600,254,2.404833717,307.571,2558.066,140.557,122.721,310.623,21.916,26.539,1234,106.475,5441,469.472,,,2841.882,245.209,7287,7645.285714,,,3.88339372,150562,12.991,0.629,7645,0.66,0.219,4.6
Belgium,13/04/2020,30589,942,2.974050903,1396.429,3903,303,2.481442629,324.429,2639.345,81.28,120.49,336.767,26.144,27.993,1226,105.784,5554,479.222,,,,,6698,7767.857143,,,3.89030123,157260,13.569,0.578,7768,0.67,0.21,4.8
Belgium,14/04/2020,31119,530,2.72427587,1275,4157,254,2.404833717,303.143,2685.076,45.731,110.012,358.683,21.916,26.156,1204,103.886,5532,477.324,,,,,8163,7861.285714,,,3.895493581,165423,14.273,0.704,7861,0.678,0.199,5
Belgium,15/04/2020,33573,2454,3.389874558,1452.857,4440,283,2.451786436,314.286,2896.817,211.741,125.359,383.102,24.418,27.118,1182,101.988,5331,459.981,,,,,10984,8291.571429,,,3.918636846,176407,15.221,0.948,8292,0.715,0.192,5.2
Belgium,16/04/2020,34809,1236,3.092018471,1403.714,4857,417,2.620136055,333.429,3003.464,106.647,121.118,419.082,35.98,28.77,1150,99.227,5181,447.038,,,,,10742,8651.285714,,,3.937080655,187149,16.148,0.927,8651,0.746,0.178,5.6
Belgium,17/04/2020,36138,1329,3.123524981,1353,5163,306,2.485721426,306.286,3118.136,114.672,116.742,445.485,26.403,26.428,1119,96.552,5088,439.014,,,,,11300,9046,,,3.956456583,198449,17.123,0.975,9046,0.781,0.166,6
Belgium,18/04/2020,37183,1045,3.01911629,1309.286,5453,290,2.462397998,301,3208.303,90.167,112.971,470.507,25.022,25.972,1081,93.273,4892,422.102,,,,,10312,9355.142857,,,3.971050424,208761,18.013,0.89,9355,0.807,0.159,6.3
Belgium,19/04/2020,38496,1313,3.118264726,1264.143,5683,230,2.361727836,297.571,3321.594,113.291,109.075,490.353,19.845,25.676,1071,92.41,4940,426.244,,,1944.499,167.779,7200,9342.714286,,,3.970473068,215961,18.634,0.621,9343,0.806,0.15,6.7
Belgium,20/04/2020,39983,1487,3.172310969,1342,5828,145,2.161368002,275,3449.899,128.305,115.793,502.864,12.511,23.728,1079,93.101,4996,431.076,,,,,11916,10088.14286,,,4.003811224,227877,19.662,1.028,10088,0.87,0.144,6.9
Belgium,21/04/2020,40956,973,2.98811284,1405.286,5998,170,2.230448921,263,3533.853,83.954,121.254,517.532,14.668,22.693,1020,88.01,4765,411.144,,,,,10878,10476,,,4.02019549,238755,20.601,0.939,10476,0.904,0.133,7.5
Belgium,22/04/2020,41889,933,2.969881644,1188,6262,264,2.421603927,260.286,3614.356,80.503,102.506,540.311,22.779,22.459,993,85.68,4527,390.608,,,,,15588,11133.71429,,,4.046640072,254343,21.946,1.345,11134,0.961,0.12,8.3
Belgium,23/04/2020,42797,908,2.958085849,1141.143,6490,228,2.357934847,233.286,3692.702,78.346,98.463,559.984,19.673,20.129,970,83.696,4355,375.767,,,,,17379,12081.85714,,,4.082133696,271722,23.445,1.5,12082,1.042,0.106,9.4
Belgium,24/04/2020,44293,1496,3.174931594,1165,6679,189,2.276461804,216.571,3821.783,129.081,100.521,576.292,16.308,18.687,934,80.589,4195,361.962,,,,,19068,13191.57143,,,4.120296533,290790,25.091,1.645,13192,1.138,0.091,11
Belgium,25/04/2020,45325,1032,3.013679697,1163.143,6917,238,2.376576957,209.143,3910.828,89.045,100.361,596.827,20.536,18.046,901,77.742,3957,341.426,,,,,17193,14174.57143,,,4.151509937,307983,26.574,1.483,14175,1.223,0.078,12.8
Belgium,26/04/2020,46134,809,2.907948522,1091.143,7094,177,2.247973266,201.571,3980.632,69.804,94.148,612.1,15.272,17.392,903,77.915,3968,342.375,,,1418.412,122.386,13879,15128.71429,,,4.179802021,321862,27.772,1.198,15129,1.305,0.071,14.1
Belgium,27/04/2020,46687,553,2.742725131,957.714,7207,113,2.053078443,197,4028.347,47.715,82.636,621.85,9.75,16.998,876,75.585,3976,343.066,,,,,17472,15922.42857,,,4.202009309,339334,29.279,1.508,15922,1.374,0.06,16.7
Belgium,28/04/2020,47334,647,2.810904281,911.143,7331,124,2.093421685,190.429,4084.173,55.826,78.617,632.549,10.699,16.431,797,68.768,3733,322.099,,,,,20371,17278.57143,,,4.237507833,359705,31.037,1.758,17279,1.491,0.054,18.5
Belgium,29/04/2020,47859,525,2.720159303,852.857,7501,170,2.230448921,177,4129.472,45.299,73.588,647.217,14.668,15.272,769,66.353,3609,311.399,,,,,22660,18288.85714,,,4.262186568,382365,32.992,1.955,18289,1.578,0.045,22.2
Belgium,30/04/2020,48519,660,2.819543936,817.429,7594,93,1.968482949,157.714,4186.42,56.948,70.531,655.242,8.024,13.608,749,64.627,3386,292.158,,,,,24870,19359,,,4.28688292,407235,35.138,2.146,19359,1.67,0.039,25.6
Belgium,01/05/2020,49032,513,2.710117365,677,7703,109,2.037426498,146.286,4230.684,44.264,58.414,664.647,9.405,12.622,690,59.536,3109,268.257,,,,,23551,19999.42857,,,4.301017587,430786,37.17,2.032,19999,1.726,0.033,30.3
Belgium,02/05/2020,49517,485,2.685741739,598.857,7765,62,1.792391689,121.143,4272.532,41.848,51.672,669.996,5.35,10.453,684,59.018,3080,265.755,,,,,16482,19897.85714,,,4.298806309,447268,38.592,1.422,19898,1.717,0.031,32.3
Belgium,03/05/2020,49906,389,2.589949601,538.857,7844,79,1.897627091,107.143,4306.096,33.565,46.495,676.813,6.816,9.245,655,56.516,3044,262.649,,,901.43,77.779,13430,19833.71429,,,4.297404053,460698,39.751,1.159,19834,1.711,0.029,34.5
Belgium,04/05/2020,50267,361,2.557507202,511.429,7924,80,1.903089987,102.429,4337.245,31.149,44.128,683.715,6.903,8.838,646,55.74,3082,265.928,,,,,23199,20651.85714,,,4.314959112,483897,41.753,2.002,20652,1.782,0.027,37
Belgium,05/05/2020,50509,242,2.383815366,453.571,8016,92,1.963787827,97.857,4358.125,20.881,39.136,691.654,7.938,8.444,582,50.217,2868,247.463,,,,,21521,20816.14286,,,4.31840026,505418,43.61,1.857,20816,1.796,0.026,38.5
Belgium,06/05/2020,50781,272,2.434568904,417.429,8339,323,2.509202522,119.714,4381.595,23.469,36.017,719.523,27.87,10.329,542,46.766,2699,232.881,,,,,20762,20545,,,4.312706146,526180,45.401,1.791,20545,1.773,0.026,38.5
Belgium,07/05/2020,51420,639,2.805500858,414.429,8415,76,1.880813592,117.286,4436.73,55.136,35.759,726.081,6.558,10.12,508,43.832,2555,220.456,,,,,22031,20139.42857,,,4.304047144,548211,47.302,1.901,20139,1.738,0.026,38.5
Belgium,08/05/2020,52011,591,2.771587481,425.571,8521,106,2.025305865,116.857,4487.724,50.994,36.72,735.227,9.146,10.083,502,43.315,2381,205.443,,,,,25882,20472.42857,,,4.311169365,574093,49.535,2.233,20472,1.766,0.028,35.7
Belgium,09/05/2020,52596,585,2.767155866,439.857,8581,60,1.77815125,116.571,4538.2,50.476,37.953,740.404,5.177,10.058,475,40.985,2222,191.723,,,,,21012,21119.57143,,,4.324685101,595105,51.348,1.813,21120,1.822,0.027,37
Belgium,10/05/2020,53081,485,2.685741739,453.571,8656,75,1.875061263,116,4580.048,41.848,39.136,746.875,6.471,10.009,477,41.158,2222,191.723,,,631.304,54.472,12301,20958.28571,,,4.321355757,607406,52.41,1.061,20958,1.808,0.028,35.7
Belgium,11/05/2020,53449,368,2.565847819,454.571,8707,51,1.707570176,111.857,4611.801,31.753,39.222,751.276,4.4,9.651,465,40.122,2230,192.414,,,,,11055,19223.42857,,,4.283830848,618461,53.363,0.954,19223,1.659,0.029,34.5
Belgium,12/05/2020,53779,330,2.51851394,467.143,8761,54,1.73239376,106.429,4640.275,28.474,40.307,755.935,4.659,9.183,427,36.843,2085,179.902,,,,,20515,19079.71429,,,4.280571867,638976,55.133,1.77,19080,1.646,0.028,35.7
Belgium,13/05/2020,53981,202,2.305351369,457.143,8843,82,1.913813852,72,4657.704,17.429,39.444,763.011,7.075,6.212,407,35.118,1966,169.635,,,,,23140,19419.42857,,,4.288236446,662116,57.13,1.997,19419,1.676,0.026,38.5
Belgium,14/05/2020,54288,307,2.487138375,409.714,8903,60,1.77815125,69.714,4684.193,26.489,35.352,768.188,5.177,6.015,380,32.788,1862,160.661,,,,,20263,19166.85714,,,4.282550906,682379,58.878,1.748,19167,1.654,0.025,40
Belgium,15/05/2020,54644,356,2.551449998,376.143,8959,56,1.748188027,62.571,4714.91,30.717,32.455,773.02,4.832,5.399,364,31.407,1750,150.997,,,,,20884,18452.85714,,,4.26606362,703263,60.68,1.802,18453,1.592,0.025,40
Belgium,16/05/2020,54989,345,2.537819095,341.857,9005,46,1.662757832,60.571,4744.678,29.768,29.497,776.989,3.969,5.226,345,29.768,1625,140.212,,,,,14425,17511.85714,,,4.243332206,717688,61.925,1.245,17512,1.511,0.025,40
Belgium,17/05/2020,55280,291,2.463892989,314.143,9052,47,1.672097858,56.571,4769.787,25.109,27.106,781.044,4.055,4.881,342,29.509,1614,139.263,,,434.022,37.449,10103,17197.85714,,,4.235474337,727791,62.797,0.872,17198,1.484,0.024,41.7
Belgium,18/05/2020,55559,279,2.445604203,301.429,9080,28,1.447158031,53.286,4793.86,24.073,26.009,783.46,2.416,4.598,345,29.768,1630,140.643,,,,,10710,17148.57143,,,4.234227947,738501,63.721,0.924,17149,1.48,0.023,43.5
Belgium,19/05/2020,55791,232,2.365487985,287.429,9108,28,1.447158031,49.571,4813.878,20.018,24.801,785.876,2.416,4.277,313,27.007,1527,131.756,,,,,16701,16603.71429,,,4.220205251,755202,65.162,1.441,16604,1.433,0.023,43.5
Belgium,20/05/2020,55983,192,2.283301229,286,9150,42,1.62324929,43.857,4830.445,16.567,24.677,789.5,3.624,3.784,277,23.901,1448,124.939,,,,,18759,15977.85714,,,4.203518534,773961,66.781,1.619,15978,1.379,0.024,41.7
Belgium,21/05/2020,56235,252,2.401400541,278.143,9186,36,1.556302501,40.429,4852.188,21.744,23.999,792.606,3.106,3.488,268,23.124,1388,119.762,,,,,9878,14494.28571,,,4.161196818,783839,67.633,0.852,14494,1.251,0.024,41.7
Belgium,22/05/2020,56511,276,2.440909082,266.714,9212,26,1.414973348,36.143,4876.003,23.814,23.013,794.849,2.243,3.119,259,22.348,1360,117.346,,,,,13278,13407.71429,,,4.127354747,797117,68.779,1.146,13408,1.157,0.024,41.7
Belgium,23/05/2020,56810,299,2.475671188,260.143,9237,25,1.397940009,33.143,4901.802,25.799,22.446,797.007,2.157,2.86,256,22.089,1296,111.824,,,,,9227,12665.14286,,,4.102610093,806344,69.575,0.796,12665,1.093,0.025,40
Belgium,24/05/2020,57092,282,2.450249108,258.857,9280,43,1.633468456,32.571,4926.134,24.332,22.335,800.717,3.71,2.81,251,21.657,1306,112.687,,,348.027,30.029,7022,12225,,,4.087248868,813366,70.181,0.606,12225,1.055,0.026,38.5
Belgium,25/05/2020,57342,250,2.397940009,254.714,9312,32,1.505149978,33.143,4947.705,21.571,21.978,803.478,2.761,2.86,249,21.485,1304,112.515,,,,,9982,12121,,,4.083538451,823348,71.042,0.861,12121,1.046,0.026,38.5
Belgium,26/05/2020,57455,113,2.053078443,237.714,9334,22,1.342422681,32.286,4957.455,9.75,20.511,805.376,1.898,2.786,223,19.241,1150,99.227,,,,,16225,12053,,,4.081095157,839573,72.442,1.4,12053,1.04,0.025,40
Belgium,27/05/2020,57592,137,2.136720567,229.857,9364,30,1.477121255,30.571,4969.276,11.821,19.833,807.965,2.589,2.638,209,18.033,1050,90.598,,,,,17772,11912,,,4.075984685,857345,73.975,1.533,11912,1.028,0.023,43.5
Belgium,28/05/2020,57849,257,2.409933123,230.571,9388,24,1.380211242,28.857,4991.451,22.175,19.895,810.035,2.071,2.49,187,16.135,939,81.021,,,,,13090,12370.85714,,,4.092399792,870435,75.105,1.129,12371,1.067,0.023,43.5
Belgium,29/05/2020,58061,212,2.326335861,221.429,9430,42,1.62324929,31.143,5009.743,18.292,19.106,813.659,3.624,2.687,173,14.927,892,76.965,,,,,13616,12419.14286,,,4.094091623,884051,76.28,1.175,12419,1.072,0.022,45.5
Belgium,30/05/2020,58186,125,2.096910013,196.571,9453,23,1.361727836,30.857,5020.529,10.786,16.961,815.644,1.985,2.662,168,14.496,824,71.098,,,,,9729,12490.85714,,,4.096592241,893780,77.119,0.839,12491,1.078,0.02,50
Belgium,31/05/2020,58381,195,2.290034611,184.143,9467,14,1.146128036,26.714,5037.354,16.825,15.889,816.852,1.208,2.305,164,14.151,818,70.58,1389.072,119.855,247.868,21.387,6795,12458.42857,,,4.095463267,900575,77.705,0.586,12458,1.075,0.019,52.6
Belgium,01/06/2020,58517,136,2.133538908,167.857,9486,19,1.278753601,24.857,5049.089,11.735,14.483,818.491,1.639,2.145,166,14.323,821,70.839,,,,,5438,11809.28571,,,4.07222363,906013,78.175,0.469,11809,1.019,0.019,52.6
Belgium,02/06/2020,58615,98,1.991226076,165.714,9505,19,1.278753601,24.429,5057.545,8.456,14.299,820.131,1.639,2.108,172,14.841,821,70.839,,,,,10656,11013.71429,,,4.041933806,916669,79.094,0.919,11014,0.95,0.017,58.8
Belgium,03/06/2020,58685,70,1.84509804,156.143,9522,17,1.230448921,22.571,5063.585,6.04,13.473,821.598,1.467,1.948,145,12.511,739,63.764,,,,,14800,10589.14286,,,4.024860807,931469,80.371,1.277,10589,0.914,0.017,58.8
Belgium,04/06/2020,58767,82,1.913813852,131.143,9548,26,1.414973348,22.857,5070.66,7.075,11.316,823.841,2.243,1.972,137,11.821,702,60.571,,,,,12842,10553.71429,,,4.023405333,944311,81.479,1.108,10554,0.911,0.018,55.6
Belgium,05/06/2020,58907,140,2.146128036,120.857,9566,18,1.255272505,19.429,5082.74,12.08,10.428,825.394,1.553,1.676,121,10.44,647,55.826,,,,,13083,10477.57143,,,4.02026063,957394,82.608,1.129,10478,0.904,0.017,58.8
Belgium,06/06/2020,59072,165,2.217483944,126.571,9580,14,1.146128036,18.143,5096.976,14.237,10.921,826.602,1.208,1.565,111,9.578,573,49.441,,,,,11865,10782.71429,,,4.032728098,969259,83.632,1.024,10783,0.93,0.017,58.8
Belgium,07/06/2020,59226,154,2.187520721,120.714,9595,15,1.176091259,18.286,5110.264,13.288,10.416,827.896,1.294,1.578,116,10.009,576,49.7,979.331,84.501,182.107,15.713,7307,10855.85714,,,4.03566412,976566,84.262,0.63,10856,0.937,0.016,62.5
Belgium,08/06/2020,59348,122,2.086359831,118.714,9606,11,1.041392685,17.143,5120.791,10.527,10.243,828.845,0.949,1.479,115,9.923,575,49.613,,,,,11013,11652.28571,,,4.066411125,987579,85.212,0.95,11652,1.005,0.016,62.5
Belgium,09/06/2020,59437,89,1.949390007,117.429,9619,13,1.113943352,16.286,5128.47,7.679,10.132,829.967,1.122,1.405,102,8.801,527,45.472,,,,,15085,12285,,,4.089375161,1002664,86.514,1.302,12285,1.06,0.016,62.5
Belgium,10/06/2020,59569,132,2.120573931,126.286,9629,10,1,15.286,5139.86,11.39,10.896,830.83,0.863,1.319,99,8.542,484,41.762,,,,,14326,12217.28571,,,4.08697473,1016990,87.75,1.236,12217,1.054,0.015,66.7
Belgium,11/06/2020,59711,142,2.152288344,134.857,9636,7,0.84509804,12.571,5152.112,12.252,11.636,831.434,0.604,1.085,89,7.679,479,41.33,,,,,13941,12374.28571,,,4.092520139,1030931,88.953,1.203,12374,1.068,0.014,71.4
Belgium,12/06/2020,59819,108,2.033423755,130.286,9646,10,1,11.429,5161.431,9.319,11.242,832.297,0.863,0.986,88,7.593,425,36.671,,,,,13743,12468.57143,,,4.095816698,1044674,90.139,1.186,12469,1.076,0.013,76.9
Belgium,13/06/2020,59918,99,1.995635195,120.857,9650,4,0.602059991,10,5169.973,8.542,10.428,832.642,0.345,0.863,82,7.075,395,34.082,,,,,12521,12562.28571,,,4.099068667,1057195,91.219,1.08,12562,1.084,0.012,83.3
Belgium,14/06/2020,60029,111,2.045322979,114.714,9655,5,0.698970004,8.571,5179.55,9.578,9.898,833.073,0.431,0.74,85,7.334,400,34.514,667.726,57.614,144.674,12.483,6245,12410.57143,,,4.093791778,1063440,91.758,0.539,12411,1.071,0.012,83.3
Belgium,15/06/2020,60100,71,1.851258349,107.429,9661,6,0.77815125,7.857,5185.677,6.126,9.269,833.591,0.518,0.678,75,6.471,393,33.91,,,,,11905,12538,,,4.098228266,1075345,92.785,1.027,12538,1.082,0.011,90.9
Belgium,16/06/2020,60155,55,1.740362689,102.571,9663,2,0.301029996,6.286,5190.422,4.746,8.85,833.764,0.173,0.542,67,5.781,371,32.011,,,,,15194,12553.57143,,,4.098767298,1090539,94.096,1.311,12554,1.083,0.011,90.9
Belgium,17/06/2020,60244,89,1.949390007,96.429,9675,12,1.079181246,6.571,5198.101,7.679,8.32,834.799,1.035,0.567,60,5.177,344,29.682,,,,,15312,12694.42857,,,4.103613156,1105851,95.417,1.321,12694,1.095,0.01,100
Belgium,18/06/2020,60348,104,2.017033339,91,9683,8,0.903089987,6.714,5207.075,8.974,7.852,835.489,0.69,0.579,52,4.487,339,29.25,,,,,13959,12697,,,4.10370112,1119810,96.622,1.204,12697,1.096,0.01,100
Belgium,19/06/2020,60476,128,2.10720997,93.857,9695,12,1.079181246,7,5218.119,11.044,8.098,836.525,1.035,0.604,50,4.314,308,26.576,,,,,13395,12647.28571,,,4.10199733,1133205,97.778,1.156,12647,1.091,0.01,100
Belgium,20/06/2020,60550,74,1.86923172,90.286,9696,1,0,6.571,5224.504,6.385,7.79,836.611,0.086,0.567,53,4.573,292,25.195,,,,,12534,12649.14286,,,4.102061097,1145739,98.859,1.081,12649,1.091,0.01,100
Belgium,21/06/2020,60550,0,#NUM!,74.429,9696,0,#NUM!,5.857,5224.504,0,6.422,836.611,0,0.505,50,4.314,295,25.454,411.764,35.529,123.428,10.65,6602,12700.14286,,,4.103808606,1152341,99.429,0.57,12700,1.096,0.01,100
Belgium,22/06/2020,60550,0,#NUM!,64.286,9696,0,#NUM!,5,5224.504,0,5.547,836.611,0,0.431,42,3.624,293,25.281,,,,,11129,12589.28571,,,4.10000109,1163470,100.389,0.96,12589,1.086,0.01,100
Belgium,23/06/2020,60810,260,2.414973348,93.571,9713,17,1.230448921,7.143,5246.938,22.434,8.074,838.078,1.467,0.616,41,3.538,281,24.246,,,,,17383,12902,,,4.110657038,1180853,101.889,1.5,12902,1.113,0.01,100
Belgium,24/06/2020,60898,88,1.944482672,93.429,9722,9,0.954242509,6.714,5254.531,7.593,8.061,838.854,0.777,0.579,40,3.451,268,23.124,,,,,18466,13352.57143,,,4.12556491,1199319,103.482,1.593,13353,1.152,0.01,100
Belgium,25/06/2020,61007,109,2.037426498,94.143,9726,4,0.602059991,6.143,5263.936,9.405,8.123,839.2,0.345,0.53,38,3.279,256,22.089,,,,,15202,13530.14286,,,4.131302382,1214521,104.794,1.312,13530,1.167,0.009,111.1
Belgium,26/06/2020,61106,99,1.995635195,90,9731,5,0.698970004,5.143,5272.478,8.542,7.766,839.631,0.431,0.444,36,3.106,247,21.312,,,,,14554,13695.71429,,,4.136584687,1229075,106.05,1.256,13696,1.182,0.009,111.1
Belgium,27/06/2020,61209,103,2.012837225,94.143,9732,1,0,5.143,5281.366,8.887,8.123,839.717,0.086,0.444,34,2.934,237,20.449,,,,,10950,13469.42857,,,4.129349172,1240025,106.994,0.945,13469,1.162,0.009,111.1
Belgium,28/06/2020,61295,86,1.934498451,106.429,9732,0,#NUM!,5.143,5288.786,7.42,9.183,839.717,0,0.444,36,3.106,237,20.449,270.125,23.308,99.147,8.555,6184,13409.71429,,,4.127419525,1246209,107.528,0.534,13410,1.157,0.009,111.1
Belgium,29/06/2020,61361,66,1.819543936,115.857,9732,0,#NUM!,5.143,5294.481,5.695,9.997,839.717,0,0.444,41,3.538,244,21.053,,,,,11992,13533,,,4.131394082,1258201,108.563,1.035,13533,1.168,0.009,111.1
Belgium,30/06/2020,61427,66,1.819543936,88.143,9747,15,1.176091259,4.857,5300.176,5.695,7.605,841.011,1.294,0.419,37,3.193,222,19.155,,,,,16062,13344.28571,,,4.125295332,1274263,109.949,1.386,13344,1.151,0.009,111.1
Belgium,01/07/2020,61509,82,1.913813852,87.286,9754,7,0.84509804,4.571,5307.251,7.075,7.531,841.615,0.604,0.394,36,3.106,203,17.516,,,,,15172,12873.71429,,,4.109703866,1289435,111.258,1.309,12874,1.111,0.009,111.1
Belgium,02/07/2020,61598,89,1.949390007,84.429,9761,7,0.84509804,5,5314.93,7.679,7.285,842.219,0.604,0.431,35,3.02,187,16.135,,,,,13607,12645.85714,,,4.101948271,1303042,112.432,1.174,12646,1.091,0.009,111.1
Belgium,03/07/2020,61727,129,2.11058971,88.714,9765,4,0.602059991,4.857,5326.061,11.131,7.655,842.565,0.345,0.419,32,2.761,168,14.496,,,,,12376,12334.71429,,,4.091129094,1315418,113.5,1.068,12335,1.064,0.009,111.1
Belgium,04/07/2020,61838,111,2.045322979,89.857,9771,6,0.77815125,5.571,5335.638,9.578,7.753,843.082,0.518,0.481,29,2.502,170,14.668,,,,,10003,12199.42857,,,4.086339489,1325421,114.363,0.863,12199,1.053,0.009,111.1
Belgium,05/07/2020,62016,178,2.250420002,103,9771,0,#NUM!,5.571,5350.997,15.359,8.887,843.082,0,0.481,30,2.589,170,14.668,242.809,20.951,79.925,6.896,5800,12144.57143,,,4.084382194,1331221,114.863,0.5,12145,1.048,0.009,111.1
Belgium,06/07/2020,62058,42,1.62324929,99.571,9774,3,0.477121255,6,5354.621,3.624,8.591,843.341,0.259,0.518,27,2.33,169,14.582,,,,,10721,11963,,,4.077840103,1341942,115.788,0.925,11963,1.032,0.009,111.1
Belgium,07/07/2020,62058,0,#NUM!,90.143,9774,0,#NUM!,3.857,5354.621,0,7.778,843.341,0,0.333,32,2.761,178,15.359,,,,,13924,11657.57143,,,4.066608085,1355866,116.99,1.201,11658,1.006,0.009,111.1
Belgium,08/07/2020,62123,65,1.812913357,87.714,9776,2,0.301029996,3.143,5360.229,5.608,7.568,843.514,0.173,0.271,32,2.761,165,14.237,,,,,13859,11470,,,4.059563418,1369725,118.186,1.196,11470,0.99,0.01,100
Belgium,09/07/2020,62210,87,1.939519253,87.429,9778,2,0.301029996,2.429,5367.736,7.507,7.544,843.686,0.173,0.21,36,3.106,160,13.805,,,,,12535,11316.85714,,,4.053725834,1382260,119.267,1.082,11317,0.976,0.01,100
Belgium,10/07/2020,62357,147,2.167317335,90,9781,3,0.477121255,2.286,5380.42,12.684,7.766,843.945,0.259,0.197,32,2.761,143,12.339,,,,,12022,11266.28571,,,4.051780761,1394282,120.304,1.037,11266,0.972,0.01,100
Belgium,11/07/2020,62469,112,2.049218023,90.143,9782,1,0,1.571,5390.084,9.664,7.778,844.031,0.086,0.136,28,2.416,132,11.39,,,,,9290,11164.42857,,,4.047836499,1403572,121.106,0.802,11164,0.963,0.01,100
Belgium,12/07/2020,62707,238,2.376576957,98.714,9782,0,#NUM!,1.571,5410.619,20.536,8.517,844.031,0,0.136,27,2.33,130,11.217,216.505,18.681,65.761,5.674,5622,11139,,,4.046846204,1409194,121.591,0.485,11139,0.961,0.011,90.9
Belgium,13/07/2020,62707,0,#NUM!,92.714,9782,0,#NUM!,1.143,5410.619,0,8,844.031,0,0.099,23,1.985,138,11.907,,,,,10241,11070.42857,,,4.044164434,1419435,122.475,0.884,11070,0.955,0.011,90.9
Belgium,14/07/2020,62781,74,1.86923172,103.286,9787,5,0.698970004,1.857,5417.004,6.385,8.912,844.463,0.431,0.16,27,2.33,147,12.684,,,,,15070,11234.14286,,,4.050539942,1434505,123.775,1.3,11234,0.969,0.012,83.3
Belgium,15/07/2020,62872,91,1.959041392,107,9788,1,0,1.714,5424.856,7.852,9.232,844.549,0.086,0.148,27,2.33,150,12.943,,,,,16354,11590.57143,,,4.064104848,1450859,125.186,1.411,11591,1,0.013,76.9
Belgium,16/07/2020,63238,366,2.563481085,146.857,9795,7,0.84509804,2.429,5456.436,31.58,12.671,845.153,0.604,0.21,28,2.416,147,12.684,,,,,14479,11868.28571,,,4.074387993,1465338,126.435,1.249,11868,1.024,0.015,66.7
Belgium,17/07/2020,63499,261,2.416640507,163.143,9800,5,0.698970004,2.714,5478.956,22.52,14.077,845.585,0.431,0.234,28,2.416,145,12.511,,,,,13993,12149.85714,,,4.084571172,1479331,127.643,1.207,12150,1.048,0.016,62.5
Belgium,18/07/2020,63706,207,2.315970345,176.714,9800,0,#NUM!,2.571,5496.817,17.861,15.248,845.585,0,0.222,30,2.589,161,13.892,,,,,10449,12315.42857,,,4.09044953,1489780,128.544,0.902,12315,1.063,0.017,58.8
Belgium,19/07/2020,63706,0,#NUM!,142.714,9800,0,#NUM!,2.571,5496.817,0,12.314,845.585,0,0.222,31,2.675,168,14.496,196.271,16.935,95.1,8.206,6279,12409.28571,,,4.093746784,1496059,129.086,0.542,12409,1.071,0.018,55.6
Belgium,20/07/2020,64094,388,2.588831726,198.143,9805,5,0.698970004,3.286,5530.295,33.478,17.097,846.016,0.431,0.284,36,3.106,181,15.617,,,,,11901,12646.42857,,,4.101967895,1507960,130.113,1.027,12646,1.091,0.019,52.6
Belgium,21/07/2020,64258,164,2.214843848,211,9805,0,#NUM!,2.571,5544.446,14.151,18.206,846.016,0,0.222,33,2.847,172,14.841,,,,,11987,12206,,,4.086573366,1519947,131.147,1.034,12206,1.053,0.022,45.5
Belgium,22/07/2020,64627,369,2.567026366,250.714,9808,3,0.477121255,2.857,5576.285,31.839,21.633,846.275,0.259,0.247,41,3.538,191,16.48,,,,,13283,11767.28571,,,4.070676298,1533230,132.293,1.146,11767,1.015,0.022,45.5
Belgium,23/07/2020,64847,220,2.342422681,229.857,9812,4,0.602059991,2.429,5595.267,18.983,19.833,846.62,0.345,0.21,40,3.451,203,17.516,,,,,18285,12311,,,4.090293331,1551515,133.871,1.578,12311,1.062,0.022,45.5
Belgium,24/07/2020,65199,352,2.546542663,242.857,9817,5,0.698970004,2.429,5625.639,30.372,20.955,847.051,0.431,0.21,41,3.538,218,18.81,,,,,18678,12980.28571,,,4.113284252,1570193,135.483,1.612,12980,1.12,0.025,40
Belgium,25/07/2020,65727,528,2.722633923,288.714,9821,4,0.602059991,3,5671.197,45.558,24.911,847.396,0.345,0.259,44,3.797,210,18.12,,,,,14507,13560,,,4.13225969,1584700,136.734,1.252,13560,1.17,0.024,41.7
Belgium,26/07/2020,66026,299,2.475671188,331.429,9821,0,#NUM!,3,5696.996,25.799,28.597,847.396,0,0.259,47,4.055,211,18.206,285.301,24.617,125.452,10.824,10981,14231.71429,,,4.153257216,1595681,137.682,0.947,14232,1.228,0.026,38.5
Belgium,27/07/2020,66428,402,2.604226053,333.429,9822,1,0,2.429,5731.683,34.686,28.77,847.483,0.086,0.21,52,4.487,222,19.155,,,,,14560,14611.57143,,,4.164696925,1610241,138.938,1.256,14612,1.261,0.026,38.5
Belgium,28/07/2020,66662,234,2.369215857,343.429,9833,11,1.041392685,4,5751.873,20.19,29.632,848.432,0.949,0.345,49,4.228,232,20.018,,,,,25521,16545,,,4.218666771,1635762,141.14,2.202,16545,1.428,0.026,38.5
Belgium,29/07/2020,67335,673,2.828015064,386.857,9836,3,0.477121255,4,5809.942,58.069,33.38,848.691,0.259,0.345,47,4.055,263,22.693,,,,,25480,18287.42857,,,4.262152643,1661242,143.339,2.199,18287,1.578,0.027,37
Belgium,30/07/2020,68006,671,2.82672252,451.286,9840,4,0.602059991,4,5867.839,57.897,38.939,849.036,0.345,0.345,42,3.624,267,23.038,,,,,26134,19408.71429,,,4.287996767,1687376,145.594,2.255,19409,1.675,0.029,34.5
Belgium,31/07/2020,68751,745,2.872156273,507.429,9841,1,0,3.429,5932.121,64.282,43.783,849.122,0.086,0.296,48,4.142,253,21.83,,,,,21530,19816.14286,,,4.297019124,1708906,147.451,1.858,19816,1.71,0.029,34.5
Belgium,01/08/2020,69402,651,2.813580989,525,9845,4,0.602059991,3.429,5988.292,56.171,45.299,849.467,0.345,0.296,56,4.832,259,22.348,,,,,20418,20660.57143,,,4.315142329,1729324,149.213,1.762,20661,1.783,0.029,34.5
Belgium,02/08/2020,69849,447,2.650307523,546.143,9845,0,#NUM!,3.429,6026.861,38.569,47.123,849.467,0,0.296,58,5.004,271,23.383,356.12,30.728,169.967,14.665,11695,20762.57143,,,4.31728114,1741019,150.222,1.009,20763,1.792,0.03,33.3
Belgium,03/08/2020,70314,465,2.667452953,555.143,9850,5,0.698970004,4,6066.983,40.122,47.9,849.899,0.431,0.345,54,4.659,290,25.022,,,,,16827,21086.42857,,,4.324003029,1757846,151.674,1.452,21086,1.819,0.03,33.3
Belgium,04/08/2020,70648,334,2.523746467,569.429,9852,2,0.301029996,2.714,6095.802,28.819,49.133,850.071,0.173,0.234,63,5.436,265,22.865,,,,,25451,21076.42857,,,4.323797021,1783297,153.87,2.196,21076,1.819,0.03,33.3
Belgium,05/08/2020,71158,510,2.707570176,546.143,9859,7,0.84509804,3.286,6139.807,44.005,47.123,850.675,0.604,0.284,61,5.263,293,25.281,,,,,26379,21204.85714,,,4.326435351,1809676,156.146,2.276,21205,1.83,0.031,32.3
Belgium,06/08/2020,72016,858,2.933487288,572.857,9861,2,0.301029996,3,6213.838,74.032,49.428,850.848,0.173,0.259,65,5.608,278,23.987,,,,,23195,20785,,,4.317750029,1832871,158.148,2.001,20785,1.793,0.032,31.2
Belgium,07/08/2020,72784,768,2.88536122,576.143,9866,5,0.698970004,3.571,6280.105,66.266,49.712,851.279,0.431,0.308,69,5.954,285,24.591,,,,,22826,20970.14286,,,4.321601389,1855697,160.117,1.97,20970,1.809,0.033,30.3
Belgium,08/08/2020,73401,617,2.790285164,571.286,9870,4,0.602059991,3.571,6333.342,53.237,49.293,851.624,0.345,0.308,67,5.781,281,24.246,,,,,16668,20434.42857,,,4.310362498,1872365,161.555,1.438,20434,1.763,0.035,28.6
Belgium,09/08/2020,74152,751,2.875639937,614.714,9872,2,0.301029996,3.857,6398.141,64.799,53.04,851.797,0.173,0.333,69,5.954,285,24.591,453.244,39.108,191.212,16.499,9956,20186,,,4.305050269,1882321,162.414,0.859,20186,1.742,0.036,27.8
Belgium,10/08/2020,74620,468,2.670245853,615.143,9879,7,0.84509804,4.143,6438.522,40.381,53.077,852.401,0.604,0.357,73,6.299,312,26.921,,,,,17036,20215.85714,,,4.30569216,1899357,163.884,1.47,20216,1.744,0.036,27.8
Belgium,11/08/2020,75008,388,2.588831726,622.857,9885,6,0.77815125,4.714,6472,33.478,53.743,852.919,0.518,0.407,77,6.644,307,26.489,,,,,25658,20245.42857,,,4.306326975,1925015,166.098,2.214,20245,1.747,0.037,27
Belgium,12/08/2020,75647,639,2.805500858,641.286,9900,15,1.176091259,5.857,6527.136,55.136,55.333,854.213,1.294,0.505,76,6.558,301,25.972,,,,,22073,19630.28571,,,4.292926621,1947088,168.003,1.905,19630,1.694,0.037,27
Belgium,13/08/2020,76191,544,2.7355989,596.429,9916,16,1.204119983,7.857,6574.075,46.939,51.462,855.593,1.381,0.678,74,6.385,309,26.662,,,,,21859,19439.42857,,,4.288683495,1968947,169.889,1.886,19439,1.677,0.037,27
Belgium,14/08/2020,77113,922,2.964730921,618.429,9924,8,0.903089987,8.286,6653.629,79.554,53.361,856.284,0.69,0.715,80,6.903,312,26.921,,,,,18676,18846.57143,,,4.275232355,1987623,171.5,1.611,18847,1.626,0.037,27
Belgium,15/08/2020,77869,756,2.878521796,638.286,9935,11,1.041392685,9.286,6718.859,65.231,55.074,857.233,0.949,0.801,82,7.075,309,26.662,,,,,12981,18319.85714,,,4.262922083,2000604,172.62,1.12,18320,1.581,0.035,28.6
Belgium,16/08/2020,78323,454,2.657055853,595.857,9939,4,0.602059991,9.571,6758.032,39.173,51.413,857.578,0.345,0.826,86,7.42,337,29.078,554.415,47.837,246.856,21.3,8932,18173.57143,,,4.259440282,2009536,173.391,0.771,18174,1.568,0.034,29.4
Belgium,17/08/2020,78534,211,2.324282455,559.143,9944,5,0.698970004,9.286,6776.238,18.206,48.245,858.009,0.431,0.801,91,7.852,341,29.423,,,,,17998,18311,,,4.262712063,2027534,174.944,1.553,18311,1.58,0.034,29.4
Belgium,18/08/2020,78897,363,2.559906625,555.571,9959,15,1.176091259,10.571,6807.559,31.321,47.937,859.304,1.294,0.912,89,7.679,335,28.905,,,,,27111,18518.57143,,,4.267607481,2054645,177.283,2.339,18519,1.598,0.032,31.2
Belgium,19/08/2020,79479,582,2.764922985,547.429,9969,10,1,9.857,6857.777,50.217,47.234,860.167,0.863,0.851,83,7.162,334,28.819,,,,,23088,18663.57143,,,4.270994753,2077733,179.275,1.992,18664,1.61,0.03,33.3
Belgium,20/08/2020,80178,699,2.844477176,569.571,9976,7,0.84509804,8.571,6918.089,60.313,49.145,860.771,0.604,0.74,82,7.075,303,26.144,,,,,23852,18948.28571,,,4.277569925,2101585,181.333,2.058,18948,1.635,0.031,32.3
Belgium,21/08/2020,80894,716,2.854913022,540.143,9985,9,0.954242509,8.714,6979.869,61.779,46.606,861.547,0.777,0.752,84,7.248,314,27.093,,,,,20813,19253.57143,,,4.2845113,2122398,183.129,1.796,19254,1.661,0.031,32.3
Belgium,22/08/2020,81468,574,2.758911892,514.143,9988,3,0.477121255,7.571,7029.396,49.527,44.362,861.806,0.259,0.653,85,7.334,310,26.748,,,,,15631,19632.14286,,,4.292967706,2138029,184.478,1.349,19632,1.694,0.031,32.3
Belgium,23/08/2020,81936,468,2.670245853,516.143,9992,4,0.602059991,7.571,7069.777,40.381,44.535,862.151,0.345,0.653,87,7.507,312,26.921,608.035,52.464,171.99,14.84,8529,19574.57143,,,4.291692262,2146558,185.214,0.736,19575,1.689,0.031,32.3
Belgium,24/08/2020,82092,156,2.193124598,508.286,9996,4,0.602059991,7.429,7083.237,13.46,43.857,862.496,0.345,0.641,89,7.679,320,27.611,,,,,17609,19519,,,4.290457564,2164167,186.733,1.519,19519,1.684,0.03,33.3
Belgium,25/08/2020,82447,355,2.550228353,507.143,9996,0,#NUM!,5.286,7113.868,30.631,43.758,862.496,0,0.456,85,7.334,282,24.332,,,,,27040,19508.85714,,,4.290231829,2191207,189.066,2.333,19509,1.683,0.03,33.3
Belgium,26/08/2020,83030,583,2.765668555,507.286,9879,-117,#NUM!,-12.857,7164.172,50.304,43.771,852.401,-10.095,-1.109,81,6.989,260,22.434,,,,,24596,19724.28571,,,4.295001285,2215803,191.189,2.122,19724,1.702,0.029,34.5
Belgium,27/08/2020,83500,470,2.672097858,474.571,9884,5,0.698970004,-13.143,7204.725,40.554,40.948,852.832,0.431,-1.134,82,7.075,257,22.175,,,,,21308,19360.85714,,,4.28692458,2237111,193.027,1.839,19361,1.671,0.027,37
Belgium,28/08/2020,83952,452,2.655138435,436.857,9886,2,0.301029996,-14.143,7243.726,39,37.694,853.005,0.173,-1.22,77,6.644,252,21.744,,,,,25114,19975.28571,,,4.300493,2262225,195.194,2.167,19975,1.724,0.026,38.5
Belgium,29/08/2020,84599,647,2.810904281,447.286,9891,5,0.698970004,-13.857,7299.552,55.826,38.594,853.436,0.431,-1.196,72,6.212,230,19.845,,,,,19052,20464,,,4.310990527,2281277,196.838,1.644,20464,1.766,0.026,38.5
Belgium,30/08/2020,85042,443,2.646403726,443.714,9894,3,0.477121255,-14,7337.775,38.224,38.286,853.695,0.259,-1.208,71,6.126,233,20.104,563.52,48.623,104.206,8.991,10600,20759.85714,,,4.317224361,2291877,197.753,0.915,20760,1.791,0.026,38.5
Belgium,31/08/2020,85236,194,2.28780173,449.143,9895,1,0,-14.429,7354.515,16.739,38.754,853.782,0.086,-1.245,74,6.385,243,20.967,,,,,19657,21052.42857,,,4.323302203,2311534,199.449,1.696,21052,1.816,0.026,38.5
Belgium,01/09/2020,85487,251,2.399673721,434.286,9897,2,0.301029996,-14.143,7376.172,21.657,37.472,853.954,0.173,-1.22,68,5.867,226,19.5,,,,,28223,21221.42857,,,4.326774616,2339757,201.884,2.435,21221,1.831,0.024,41.7
Belgium,02/09/2020,85911,424,2.627365857,411.571,9898,1,0,2.714,7412.756,36.584,35.512,854.04,0.086,0.234,60,5.177,221,19.069,,,,,30069,22003.28571,,,4.342487538,2369826,204.478,2.594,22003,1.899,0.024,41.7
Belgium,03/09/2020,86544,633,2.80140371,434.857,9899,1,0,2.143,7467.374,54.618,37.521,854.127,0.086,0.185,58,5.004,209,18.033,,,,,24017,22390.28571,,,4.350059635,2393843,206.551,2.072,22390,1.932,0.025,40
Belgium,04/09/2020,87174,630,2.799340549,460.286,9901,2,0.301029996,2.143,7521.733,54.359,39.715,854.299,0.173,0.185,52,4.487,215,18.551,,,,,26583,22600.14286,,,4.354111184,2420426,208.844,2.294,22600,1.95,0.026,38.5
Belgium,05/09/2020,87825,651,2.813580989,460.857,9906,5,0.698970004,2.143,7577.904,56.171,39.765,854.731,0.431,0.185,53,4.573,215,18.551,,,,,19740,22698.42857,,,4.355995792,2440166,210.548,1.703,22698,1.958,0.026,38.5
Belgium,06/09/2020,88367,542,2.733999287,475,9907,1,0,1.857,7624.67,46.766,40.985,854.817,0.086,0.16,53,4.573,223,19.241,422.893,36.489,120.393,10.388,10963,22750.28571,,,4.356986855,2451129,211.494,0.946,22750,1.963,0.027,37
Belgium,07/09/2020,88769,402,2.604226053,504.714,9909,2,0.301029996,2,7659.356,34.686,43.549,854.99,0.173,0.173,52,4.487,235,20.277,,,,,23129,23246.28571,,,4.366353571,2474258,213.489,1.996,23246,2.006,0.028,35.7
Belgium,08/09/2020,89141,372,2.57054294,522,9912,3,0.477121255,2.143,7691.454,32.098,45.04,855.248,0.259,0.185,59,5.091,260,22.434,,,,,35123,24232,,,4.38438926,2509381,216.52,3.031,24232,2.091,0.028,35.7
Belgium,09/09/2020,89691,550,2.740362689,540,9917,5,0.698970004,2.714,7738.91,47.456,46.593,855.68,0.431,0.234,60,5.177,250,21.571,,,,,35047,24943.14286,,,4.396951174,2544428,219.544,3.024,24943,2.152,0.028,35.7
Belgium,10/09/2020,90568,877,2.942999593,574.857,9917,0,#NUM!,2.571,7814.582,75.671,49.601,855.68,0,0.222,65,5.608,249,21.485,,,,,36232,26688.14286,,,4.426318354,2580660,222.67,3.126,26688,2.303,0.029,34.5
Belgium,11/09/2020,91537,969,2.986323777,623.286,9919,2,0.301029996,2.571,7898.191,83.609,53.78,855.852,0.173,0.222,67,5.781,254,21.916,,,,,38042,28325.14286,,,4.452172109,2618702,225.952,3.282,28325,2.444,0.03,33.3
Belgium,12/09/2020,92478,941,2.973589623,664.714,9923,4,0.602059991,2.429,7979.384,81.193,57.354,856.197,0.345,0.21,68,5.867,260,22.434,,,,,27126,29380.28571,,,4.468056015,2645828,228.293,2.341,29380,2.535,0.03,33.3
Belgium,13/09/2020,93455,977,2.989894564,726.857,9925,2,0.301029996,2.571,8063.684,84.3,62.716,856.37,0.173,0.222,71,6.126,293,25.281,447.174,38.584,215.493,18.594,19155,30550.57143,,,4.485019338,2664983,229.946,1.653,30551,2.636,0.031,32.3
Belgium,14/09/2020,94306,851,2.92992956,791,9927,2,0.301029996,2.571,8137.112,73.428,68.251,856.543,0.173,0.222,72,6.212,318,27.438,,,,,29307,31433.14286,,,4.497387806,2694290,232.474,2.529,31433,2.712,0.032,31.2
Belgium,15/09/2020,94795,489,2.689308859,807.714,9930,3,0.477121255,2.571,8179.305,42.193,69.693,856.801,0.259,0.222,67,5.781,315,27.18,,,,,42303,32458.85714,,,4.511333225,2736593,236.125,3.65,32459,2.801,0.034,29.4
Belgium,16/09/2020,95948,1153,3.061829307,893.857,9935,5,0.698970004,2.571,8278.79,99.486,77.126,857.233,0.431,0.222,74,6.385,353,30.458,,,,,46674,34119.85714,,,4.533007204,2783267,240.152,4.027,34120,2.944,0.036,27.8
Belgium,17/09/2020,97976,2028,3.307067951,1058.286,9936,1,0,2.714,8453.774,174.984,91.313,857.319,0.086,0.234,69,5.954,371,32.011,,,,,43222,35118.42857,,,4.545535074,2826489,243.881,3.729,35118,3.03,0.037,27
Belgium,18/09/2020,99649,1673,3.223495941,1158.857,9937,1,0,2.571,8598.128,144.353,99.991,857.405,0.086,0.222,78,6.73,392,33.823,,,,,41428,35602.14286,,,4.551476139,2867917,247.456,3.575,35602,3.072,0.039,25.6
Belgium,19/09/2020,100748,1099,3.040997692,1181.429,9944,7,0.84509804,3,8692.954,94.826,101.939,858.009,0.604,0.259,78,6.73,421,36.326,,,,,26392,35497.28571,,,4.550195146,2894309,249.733,2.277,35497,3.063,0.04,25
Belgium,20/09/2020,102295,1547,3.189490314,1262.857,9948,4,0.602059991,3.286,8826.436,133.482,108.965,858.355,0.345,0.284,77,6.644,432,37.275,521.029,44.956,320.711,27.672,21874,35885.71429,,,4.554921595,2916183,251.62,1.887,35886,3.096,0.041,24.4
Belgium,21/09/2020,103392,1097,3.040206628,1298,9950,2,0.301029996,3.286,8921.089,94.654,111.997,858.527,0.173,0.284,87,7.507,490,42.279,,,,,34932,36689.28571,,,4.564539257,2951115,254.634,3.014,36689,3.166,0.043,23.3
Belgium,22/09/2020,105226,1834,3.263399331,1490.143,9955,5,0.698970004,3.571,9079.334,158.245,128.576,858.959,0.431,0.308,94,8.111,505,43.573,,,,,45049,37081.57143,,,4.56915813,2996164,258.521,3.887,37082,3.2,0.045,22.2
Belgium,23/09/2020,106887,1661,3.220369632,1562.714,9959,4,0.602059991,3.429,9222.652,143.318,134.837,859.304,0.345,0.296,95,8.197,550,47.456,,,,,44434,36761.57143,,,4.565394068,3040598,262.355,3.834,36762,3.172,0.047,21.3
Belgium,24/09/2020,108768,1881,3.274388796,1541.714,9965,6,0.77815125,4.143,9384.953,162.3,133.025,859.821,0.518,0.357,104,8.974,602,51.943,,,,,40555,36380.57143,,,4.560869516,3081153,265.855,3.499,36381,3.139,0.049,20.4
Belgium,25/09/2020,110976,2208,3.343999069,1618.143,9969,4,0.602059991,4.571,9575.468,190.515,139.62,860.167,0.345,0.394,109,9.405,620,53.496,,,,,37845,35868.71429,,,4.55471581,3118998,269.12,3.265,35869,3.095,0.051,19.6
Belgium,26/09/2020,112803,1827,3.261738547,1722.143,9974,5,0.698970004,4.286,9733.109,157.641,148.594,860.598,0.431,0.37,120,10.354,626,54.014,,,,,33439,36875.42857,,,4.566737076,3152437,272.005,2.885,36875,3.182,0.052,19.2
Belgium,27/09/2020,114179,1376,3.138618434,1697.714,9980,6,0.77815125,4.571,9851.836,118.727,146.486,861.116,0.518,0.394,135,11.648,654,56.43,752.709,64.947,453.244,39.108,20395,36664.14286,,,4.564241536,3172832,273.765,1.76,36664,3.164,0.053,18.9
Belgium,28/09/2020,115353,1174,3.069668097,1708.714,9987,7,0.84509804,5.286,9953.134,101.298,147.435,861.72,0.604,0.456,140,12.08,708,61.089,,,,,28557,35753.42857,,,4.553317695,3201389,276.229,2.464,35753,3.085,0.055,18.2
Belgium,29/09/2020,117115,1762,3.246005904,1698.429,10001,14,1.146128036,6.571,10105.167,152.033,146.547,862.928,1.208,0.567,150,12.943,716,61.779,,,,,48302,36218.14286,,,4.558926177,3249691,280.397,4.168,36218,3.125,0.058,17.2
Belgium,30/09/2020,118452,1337,3.126131407,1652.143,10016,15,1.176091259,8.143,10220.528,115.362,142.554,864.222,1.294,0.703,157,13.547,739,63.764,,,,,46694,36541,,,4.562780428,3296385,284.426,4.029,36541,3.153,0.061,16.4
Belgium,01/10/2020,121059,2607,3.416141031,1755.857,10023,7,0.84509804,8.286,10445.471,224.943,151.503,864.826,0.604,0.715,156,13.46,771,66.525,,,,,41752,36712,,,4.564808045,3338137,288.028,3.603,36712,3.168,0.067,14.9
Belgium,02/10/2020,124234,3175,3.50174373,1894,10037,14,1.146128036,9.714,10719.423,273.952,163.422,866.034,1.208,0.838,163,14.064,789,68.078,,,,,41778,37273.85714,,,4.571404336,3379915,291.633,3.605,37274,3.216,0.072,13.9
Belgium,03/10/2020,127623,3389,3.530071569,2117.143,10044,7,0.84509804,10,11011.84,292.417,182.676,866.638,0.604,0.863,185,15.963,819,70.667,,,,,34240,37388.28571,,,4.572735553,3414155,294.587,2.954,37388,3.226,0.076,13.2
Belgium,04/10/2020,130235,2612,3.416973173,2293.714,10064,20,1.301029996,12,11237.214,225.374,197.911,868.364,1.726,1.035,186,16.049,866,74.722,1150.31,99.253,547.333,47.226,17961,37040.57143,,,4.568677678,3432116,296.137,1.55,37041,3.196,0.079,12.7
Belgium,05/10/2020,132203,1968,3.294025094,2407.143,10078,14,1.146128036,13,11407.022,169.807,207.698,869.572,1.208,1.122,195,16.825,937,80.848,,,,,27391,36874,,,4.566720251,3459507,298.501,2.363,36874,3.182,0.082,12.2
Belgium,06/10/2020,134291,2088,3.319730494,2453.714,10092,14,1.146128036,13,11587.183,180.161,211.717,870.779,1.208,1.122,189,16.308,952,82.142,,,,,45882,36528.28571,,,4.562629291,3505389,302.459,3.959,36528,3.152,0.089,11.2
Belgium,07/10/2020,137868,3577,3.55351894,2773.714,10108,16,1.204119983,13.143,11895.821,308.638,239.328,872.16,1.381,1.134,201,17.343,1050,90.598,,,,,54459,37637.57143,,,4.575621593,3559848,307.158,4.699,37638,3.248,0.098,10.2
Belgium,08/10/2020,143596,5728,3.758003009,3219.571,10126,18,1.255272505,14.714,12390.057,494.236,277.798,873.713,1.553,1.27,213,18.379,1110,95.775,,,,,50165,38839.42857,,,4.589272832,3610013,311.487,4.328,38839,3.351,0.103,9.7
Belgium,09/10/2020,148981,5385,3.731185708,3535.286,10151,25,1.397940009,16.286,12854.697,464.64,305.039,875.87,2.157,1.405,214,18.465,1191,102.764,,,,,53750,40549.71429,,,4.607987799,3663763,316.125,4.638,40550,3.499,0.11,9.1
Belgium,10/10/2020,156931,7950,3.900367129,4186.857,10175,24,1.380211242,18.714,13540.656,685.959,361.259,877.941,2.071,1.615,228,19.673,1260,108.718,,,,,47596,42457.71429,,,4.62795661,3711359,320.231,4.107,42458,3.663,0.116,8.6
Belgium,11/10/2020,162258,5327,3.726482697,4574.714,10191,16,1.204119983,18.143,14000.291,459.636,394.725,879.322,1.381,1.565,245,21.14,1334,115.103,1496.313,129.108,890.301,76.819,30373,44230.85714,,,4.645725356,3741732,322.852,2.621,44231,3.816,0.119,8.4
Belgium,12/10/2020,165880,3622,3.558948446,4811,10211,20,1.301029996,19,14312.812,312.521,415.113,881.047,1.726,1.639,268,23.124,1473,127.097,,,,,44535,46680,,,4.669130847,3786267,326.695,3.843,46680,4.028,0.127,7.9
Belgium,13/10/2020,173240,7360,3.866877814,5564.143,10244,33,1.51851394,21.714,14947.864,635.051,480.097,883.895,2.847,1.874,281,24.246,1622,139.953,,,,,59534,48630.28571,,,4.686906821,3845801,331.832,5.137,48630,4.196,0.133,7.5
Belgium,14/10/2020,181511,8271,3.917558021,6234.714,10278,34,1.531478917,24.286,15661.52,713.656,537.957,886.828,2.934,2.095,313,27.007,1778,153.413,,,,,72976,51275.57143,,,4.709910509,3918777,338.128,6.297,51276,4.424,0.142,7
Belgium,15/10/2020,191959,10448,4.019033164,6909,10327,49,1.69019608,28.714,16563.016,901.497,596.137,891.056,4.228,2.478,327,28.215,1951,168.34,,,,,66245,53572.71429,,,4.728943651,3985022,343.844,5.716,53573,4.623,0.147,6.8
Belgium,16/10/2020,202151,10192,4.008259415,7595.714,10359,32,1.505149978,29.714,17442.424,879.408,655.39,893.817,2.761,2.564,358,30.89,2099,181.11,,,,,68692,55707.28571,,,4.745911998,4053714,349.771,5.927,55707,4.807,0.153,6.5
Belgium,17/10/2020,213115,10964,4.039969027,8026.286,10392,33,1.51851394,31,18388.444,946.019,692.541,896.665,2.847,2.675,384,33.133,2267,195.606,,,,,61898,57750.42857,,,4.761555212,4115612,355.112,5.341,57750,4.983,0.158,6.3
Belgium,18/10/2020,222253,9138,3.960851154,8570.714,10413,21,1.322219295,31.714,19176.908,788.464,739.517,898.477,1.812,2.736,412,35.549,2497,215.451,2370.427,204.53,1790.719,154.511,44687,59795.28571,,,4.776666945,4160299,358.968,3.856,59795,5.159,0.163,6.1
Belgium,19/10/2020,230480,8227,3.915241497,9228.571,10443,30,1.477121255,33.143,19886.768,709.86,796.279,901.065,2.589,2.86,446,38.483,2773,239.266,,,,,55919,61421.57143,,,4.788320923,4216218,363.793,4.825,61422,5.3,0.166,6
Belgium,20/10/2020,240159,9679,3.98583049,9559.857,10489,46,1.662757832,35,20721.912,835.144,824.864,905.034,3.969,3.02,487,42.02,2978,256.954,,,,,78330,64106.71429,,,4.806903518,4294548,370.551,6.759,64107,5.531,0.175,5.7
Belgium,21/10/2020,253386,13227,4.121461354,10267.857,10539,50,1.698970004,37.286,21863.192,1141.28,885.953,909.349,4.314,3.217,525,45.299,3275,282.581,,,,,80813,65226.28571,,,4.814422648,4375361,377.524,6.973,65226,5.628,0.183,5.5
Belgium,22/10/2020,270132,16746,4.223911087,11167.571,10588,49,1.69019608,37.286,23308.106,1444.914,963.584,913.576,4.228,3.217,573,49.441,3649,314.851,,,,,79975,67187.71429,,,4.827289867,4455336,384.425,6.901,67188,5.797,0.197,5.1
Belgium,23/10/2020,287700,17568,4.244722323,12221.286,10658,70,1.84509804,42.714,24823.946,1515.84,1054.503,919.616,6.04,3.686,633,54.618,4056,349.968,,,,,69152,67253.42857,,,4.82771443,4524488,390.392,5.967,67253,5.803,0.211,4.7
Belgium,24/10/2020,305409,17709,4.248194038,13184.857,10737,79,1.897627091,49.286,26351.952,1528.006,1137.644,926.433,6.816,4.253,694,59.881,4408,380.34,,,,,63603,67497,,,4.82928447,4588091,395.879,5.488,67497,5.824,0.225,4.4
Belgium,25/10/2020,321031,15622,4.193736633,14111.143,10810,73,1.86332286,56.714,27699.882,1347.931,1217.568,932.732,6.299,4.894,756,65.231,4825,416.321,4161.146,359.041,3327.501,287.111,39465,66751,,,4.824457776,4627556,399.285,3.405,66751,5.76,0.236,4.2
Belgium,26/10/2020,333718,12687,4.10335894,14748.286,10899,89,1.949390007,65.143,28794.569,1094.687,1272.543,940.411,7.679,5.621,813,70.149,5268,454.545,,,,,50159,65928.14286,,,4.819070842,4677715,403.613,4.328,65928,5.689,0.251,4
Belgium,27/10/2020,347289,13571,4.13261185,15304.286,11038,139,2.1430148,78.429,29965.531,1170.962,1320.517,952.404,11.993,6.767,912,78.691,5548,478.704,,,,,71448,64945,,,4.812545721,4749163,409.777,6.165,64945,5.604,0.269,3.7
Belgium,28/10/2020,368337,21048,4.323210835,16421.571,11170,132,2.120573931,90.143,31781.64,1816.108,1416.921,963.794,11.39,7.778,994,85.766,5924,511.147,,,,,78090,64556,,,4.809936613,4827253,416.515,6.738,64556,5.57,0.284,3.5
Belgium,29/10/2020,392258,23921,4.378779331,17446.571,11308,138,2.139879086,102.857,33845.643,2064.003,1505.362,975.701,11.907,8.875,1057,91.202,6187,533.84,,,,,71916,63404.71429,,,4.80212155,4899169,422.721,6.205,63405,5.471,0.291,3.4
Belgium,30/10/2020,412314,20056,4.302244321,17802,11452,144,2.158362492,113.429,35576.157,1730.515,1536.03,988.126,12.425,9.787,1105,95.344,6439,555.584,,,,,66016,62956.71429,,,4.799042054,4965185,428.417,5.696,62957,5.432,0.292,3.4
Belgium,31/10/2020,429229,16915,4.228272002,17688.571,11625,173,2.238046103,126.857,37035.653,1459.496,1526.243,1003.053,14.927,10.946,1161,100.176,6502,561.019,,,,,54584,61668.28571,,,4.790061876,5019769,433.126,4.71,61668,5.321,0.288,3.5
Belgium,01/11/2020,441018,11789,4.071476968,17141,11737,112,2.049218023,132.429,38052.857,1017.204,1478.996,1012.717,9.664,11.426,1223,105.525,6824,588.803,7347.008,633.93,4646.765,400.942,24162,59482.14286,,,4.774386606,5043931,435.211,2.085,59482,5.132,0.285,3.5
Belgium,02/11/2020,447355,6337,3.801883707,16233.857,11858,121,2.08278537,137,38599.64,546.783,1400.724,1023.157,10.44,11.821,1302,112.342,7233,624.093,,,,,28928,56449.14286,,,4.751657352,5072859,437.707,2.496,56449,4.871,0.278,3.6
Belgium,03/11/2020,452541,5186,3.714832512,15036,12126,268,2.428134794,155.429,39047.109,447.47,1297.368,1046.281,23.124,13.411,1353,116.742,7461,643.766,,,,,54875,54081.57143,,,4.733049302,5127734,442.442,4.735,54082,4.666,0.271,3.7
Belgium,04/11/2020,468213,15672,4.195124423,14268,12331,205,2.311753861,165.857,40399.354,1352.245,1231.102,1063.97,17.688,14.311,1412,121.833,7411,639.452,,,,,44998,49354.14286,,,4.693323614,5172732,446.325,3.883,49354,4.258,0.264,3.8
Belgium,05/11/2020,479341,11128,4.046417117,12440.429,12520,189,2.276461804,173.143,41359.524,960.17,1073.412,1080.277,16.308,14.939,1428,123.214,7290,629.011,,,,,45721,45612,,,4.659079116,5218453,450.27,3.945,45612,3.936,0.255,3.9
Belgium,06/11/2020,488044,8703,3.939668984,10818.571,12708,188,2.274157849,179.429,42110.455,750.931,933.471,1096.499,16.221,15.482,1459,125.889,7224,623.317,,,,,39364,41804.57143,,,4.621223775,5257817,453.666,3.396,41805,3.607,0.244,4.1
Belgium,07/11/2020,494168,6124,3.787035182,9277,12907,199,2.298853076,183.143,42638.859,528.404,800.458,1113.669,17.171,15.802,1464,126.32,6895,594.929,,,,,32359,38629.57143,,,4.58691989,5290176,456.458,2.792,38630,3.333,0.24,4.2
Belgium,08/11/2020,500789,6621,3.820923588,8538.714,13055,148,2.170261715,188.286,43210.146,571.287,736.756,1126.439,12.77,16.246,1470,126.838,6955,600.106,10003.748,863.165,4230.954,365.064,13301,37078,,,4.5691163,5303477,457.606,1.148,37078,3.199,0.236,4.2
Belgium,09/11/2020,503182,2393,3.378942699,7975.286,13216,161,2.206825876,194,43416.624,206.478,688.141,1140.331,13.892,16.739,1474,127.183,7221,623.058,,,,,22363,36140.14286,,,4.557989865,5325840,459.536,1.93,36140,3.118,0.232,4.3
Belgium,10/11/2020,507475,4293,3.632760888,7847.714,13561,345,2.537819095,205,43787.042,370.418,677.133,1170.099,29.768,17.688,1470,126.838,7058,608.993,,,,,39202,33901.14286,,,4.530214339,5365042,462.918,3.383,33901,2.925,0.219,4.6
Belgium,11/11/2020,515391,7916,3.898505786,6739.714,13758,197,2.294466226,203.857,44470.067,683.025,581.53,1187.097,16.998,17.59,1463,126.234,6879,593.549,,,,,31789,32014.14286,,,4.505341879,5396831,465.661,2.743,32014,2.762,0.209,4.8
Belgium,12/11/2020,520393,5002,3.699143687,5864.571,13891,133,2.123851641,195.857,44901.66,431.593,506.019,1198.573,11.476,16.899,1456,125.63,7010,604.852,,,,,28050,29489.71429,,,4.469670565,5424881,468.081,2.42,29490,2.545,0.203,4.9
Belgium,13/11/2020,525012,4619,3.664547962,5281.143,14106,215,2.33243846,199.714,45300.207,398.546,455.679,1217.124,18.551,17.232,1457,125.716,6762,583.453,,,,,37803,29266.71429,,,4.466373968,5462684,471.343,3.262,29267,2.525,0.2,5
Belgium,14/11/2020,531280,6268,3.797128988,5301.714,14303,197,2.294466226,199.429,45841.036,540.829,457.454,1234.122,16.998,17.208,1423,122.782,6505,561.278,,,,,26469,28425.28571,,,4.453704839,5489153,473.627,2.284,28425,2.453,0.197,5.1
Belgium,15/11/2020,535939,4659,3.66829271,5021.429,14421,118,2.071882007,195.143,46243.033,401.998,433.27,1244.304,10.182,16.838,1439,124.163,6518,562.4,10301.189,888.829,3280.962,283.095,13824,28500,,,4.45484486,5502977,474.82,1.193,28500,2.459,0.195,5.1
Belgium,16/11/2020,537871,1932,3.286007122,4955.571,14616,195,2.290034611,200,46409.734,166.701,427.587,1261.129,16.825,17.257,1408,121.488,6580,567.75,,,,,21450,28369.57143,,,4.452852775,5524427,476.67,1.851,28370,2.448,0.189,5.3
Belgium,17/11/2020,540605,2734,3.43679851,4732.857,14839,223,2.348304863,182.571,46645.635,235.901,408.37,1280.37,19.241,15.753,1356,117.001,6240,538.413,,,,,40333,28531.14286,,,4.455319168,5564760,480.151,3.48,28531,2.462,0.177,5.6
Belgium,18/11/2020,545787,5182,3.714497409,4342.286,15025,186,2.269512944,181,47092.76,447.124,374.67,1296.419,16.049,15.617,1323,114.154,5930,511.665,,,,,36628,29222.42857,,,4.465716306,5601388,483.311,3.16,29222,2.521,0.166,6
Belgium,19/11/2020,550264,4477,3.650987094,4267.286,15196,171,2.23299611,186.429,47479.054,386.294,368.199,1311.174,14.755,16.086,1286,110.961,5651,487.592,,,,,35244,30250.14286,,,4.48072743,5636632,486.352,3.041,30250,2.61,0.156,6.4
Belgium,20/11/2020,553680,3416,3.533517862,4095.429,15352,156,2.193124598,178,47773.8,294.747,353.371,1324.634,13.46,15.359,1256,108.373,5418,467.487,,,,,34399,29763.85714,,,4.473689211,5671031,489.32,2.968,29764,2.568,0.144,6.9
Belgium,21/11/2020,556904,3224,3.508395033,3660.571,15522,170,2.230448921,174.143,48051.98,278.18,315.849,1339.302,14.668,15.026,1201,103.627,5017,432.888,,,,,21511,29055.57143,,,4.463229421,5692542,491.176,1.856,29056,2.507,0.135,7.4
Belgium,22/11/2020,558779,1875,3.273001272,3262.857,15618,96,1.982271233,171,48213.763,161.783,281.533,1347.586,8.283,14.755,1194,103.023,5025,433.578,9129.634,787.743,2155.945,186.024,10728,28613.28571,,,4.456567731,5703270,492.102,0.926,28613,2.469,0.131,7.6
Belgium,23/11/2020,559902,1123,3.050379756,3147.286,15755,137,2.136720567,162.714,48310.66,96.897,271.561,1359.407,11.821,14.04,1168,100.78,5076,437.978,,,,,22539,28768.85714,,,4.45892261,5725809,494.046,1.945,28769,2.482,0.126,7.9
Belgium,24/11/2020,561803,1901,3.278982117,3028.286,15938,183,2.26245109,157,48474.686,164.026,261.293,1375.197,15.79,13.547,1105,95.344,4783,412.697,,,,,42272,29045.85714,,,4.463084197,5768081,497.694,3.647,29046,2.506,0.116,8.6
Belgium,25/11/2020,564967,3164,3.500236475,2740,16077,139,2.1430148,150.286,48747.689,273.003,236.419,1387.19,11.993,12.967,1071,92.41,4570,394.319,,,,,37147,29120,,,4.464191371,5805228,500.899,3.205,29120,2.513,0.109,9.2
Belgium,26/11/2020,567532,2565,3.409087369,2466.857,16219,142,2.152288344,146.143,48969.008,221.319,212.851,1399.442,12.252,12.61,1034,89.218,4376,377.579,,,,,34171,28966.71429,,,4.461899236,5839399,503.847,2.948,28967,2.499,0.104,9.6
Belgium,27/11/2020,570829,3297,3.518118947,2449.857,16339,120,2.079181246,141,49253.487,284.479,211.384,1409.796,10.354,12.166,997,86.025,4215,363.688,,,,,33675,28863.28571,,,4.460345768,5873074,506.753,2.906,28863,2.49,0.099,10.1
Belgium,28/11/2020,574448,3619,3.558588583,2506.286,16461,122,2.086359831,134.143,49565.749,312.262,216.253,1420.323,10.527,11.574,946,81.625,3994,344.619,,,,,25655,29455.28571,,,4.46916324,5898729,508.967,2.214,29455,2.541,0.097,10.3
Belgium,29/11/2020,576599,2151,3.33264041,2545.714,16547,86,1.934498451,132.714,49751.346,185.597,219.655,1427.744,7.42,11.451,904,78.001,3989,344.187,7310.587,630.788,1622.776,140.02,9627,29298,,,4.466837975,5908356,509.797,0.831,29298,2.528,0.095,10.5
Belgium,30/11/2020,577345,746,2.872738827,2491.857,16645,98,1.991226076,127.143,49815.714,64.368,215.008,1436.199,8.456,10.97,900,77.656,4014,346.345,,,,,23530,29439.57143,,,4.468931483,5931886,511.828,2.03,29440,2.54,0.093,10.8
Belgium,01/12/2020,579212,1867,3.271144318,2487,16786,141,2.149219113,121.143,49976.807,161.092,214.589,1448.366,12.166,10.453,854,73.687,3707,319.855,,,,,44317,29731.71429,,,4.473219951,5976203,515.652,3.824,29732,2.565,0.09,11.1
Belgium,02/12/2020,582252,3040,3.482873584,2469.286,16911,125,2.096910013,119.143,50239.111,262.304,213.06,1459.151,10.786,10.28,829,71.53,3590,309.76,,,,,36597,29653.14286,,,4.47207073,6012800,518.809,3.158,29653,2.559,0.089,11.2
Belgium,03/12/2020,584857,2605,3.415807728,2475,17033,122,2.086359831,116.286,50463.881,224.77,213.553,1469.678,10.527,10.034,786,67.819,3417,294.833,,,,,34149,29650,,,4.472024698,6046949,521.756,2.947,29650,2.558,0.088,11.4
Belgium,04/12/2020,587439,2582,3.411956238,2372.857,17142,109,2.037426498,114.714,50686.666,222.786,204.74,1479.083,9.405,9.898,789,68.078,3348,288.879,,,,,36074,29992.71429,,,4.47701577,6083023,524.868,3.113,29993,2.588,0.088,11.4
Belgium,05/12/2020,589942,2503,3.39846085,2213.429,17254,112,2.049218023,113.286,50902.636,215.969,190.984,1488.746,9.664,9.775,758,65.403,3163,272.917,,,,,24726,29860,,,4.475089803,6107749,527.002,2.133,29860,2.576,0.086,11.6
Belgium,06/12/2020,591756,1814,3.258637283,2165.286,17320,66,1.819543936,110.429,51059.155,156.519,186.83,1494.441,5.695,9.528,744,64.195,3210,276.972,5725.244,493.998,1338.487,115.49,10537,29990,,,4.476976466,6118286,527.911,0.909,29990,2.588,0.087,11.5
Belgium,07/12/2020,592615,859,2.933993164,2181.429,17386,66,1.819543936,105.857,51133.273,74.118,188.223,1500.136,5.695,9.134,724,62.47,3272,282.322,,,,,26604,30429.14286,,,4.483289719,6144890,530.207,2.296,30429,2.626,0.086,11.6
Belgium,08/12/2020,594572,1957,3.291590826,2194.286,17507,121,2.08278537,103,51302.131,168.858,189.332,1510.576,10.44,8.887,677,58.414,3136,270.587,,,,,45892,30654.14286,,,4.486489177,6190782,534.166,3.96,30654,2.645,0.084,11.9
Belgium,09/12/2020,597643,3071,3.487279816,2198.714,17603,96,1.982271233,98.857,51567.11,264.979,189.714,1518.86,8.283,8.53,662,57.12,3034,261.786,,,,,41507,31355.57143,,,4.49631472,6232289,537.748,3.581,31356,2.706,0.083,12
Belgium,10/12/2020,600397,2754,3.439963936,2220,17692,89,1.949390007,94.143,51804.736,237.627,191.551,1526.539,7.679,8.123,658,56.775,2961,255.487,,,,,38045,31912.14286,,,4.503955967,6270334,541.03,3.283,31912,2.753,0.082,12.2
Belgium,11/12/2020,600397,0,#NUM!,1851.143,17692,0,#NUM!,78.571,51804.736,0,159.724,1526.539,0,6.779,646,55.74,2896,249.879,,,,,38555,32266.57143,,,4.508752821,6308889,544.357,3.327,32267,2.784,0.081,12.3
Belgium,12/12/2020,603159,2762,3.441223674,1888.143,17792,100,2,76.857,52043.053,238.317,162.917,1535.167,8.628,6.632,627,54.1,2770,239.007,,,,,29927,33009.57143,,,4.518639886,6338816,546.939,2.582,33010,2.848,0.082,12.2
Belgium,13/12/2020,608137,4978,3.697054892,2340.143,17951,159,2.201397124,90.143,52472.575,429.522,201.917,1548.887,13.719,7.778,617,53.237,2861,246.859,4664.976,402.513,1312.183,113.221,13636,33452.28571,,,4.524425797,6352452,548.116,1.177,33452,2.886,0.082,12.2
Belgium,14/12/2020,609211,1074,3.031004281,2370.857,18054,103,2.012837225,95.429,52565.245,92.669,204.567,1557.774,8.887,8.234,615,53.065,2888,249.189,,,,,31456,34145.42857,,,4.533332568,6383908,550.83,2.714,34145,2.946,0.081,12.3
Belgium,15/12/2020,611422,2211,3.344588743,2407.143,18178,124,2.093421685,95.857,52756.019,190.774,207.698,1568.473,10.699,8.271,594,51.253,2772,239.18,,,,,52938,35152,,,4.54595004,6436846,555.398,4.568,35152,3.033,0.082,12.2
Belgium,16/12/2020,615058,3636,3.560623875,2487.857,18278,100,2,96.429,53069.748,313.729,214.663,1577.101,8.628,8.32,571,49.268,2707,233.571,,,,,50557,36444.85714,,,4.561636252,6487403,559.76,4.362,36445,3.145,0.08,12.5
Belgium,17/12/2020,618204,3146,3.497758718,2543.857,18371,93,1.968482949,97,53341.198,271.45,219.495,1585.126,8.024,8.37,562,48.492,2683,231.5,,,,,46212,37611.57143,,,4.575321479,6533615,563.747,3.987,37612,3.245,0.079,12.7
Belgium,18/12/2020,621039,2835,3.452553063,2948.857,18455,84,1.924279286,109,53585.813,244.616,254.44,1592.374,7.248,9.405,547,47.197,2616,225.719,,,,,42261,38141,,,4.581392075,6575876,567.394,3.646,38141,3.291,0.078,12.8
Belgium,19/12/2020,623760,2721,3.434728542,2943,18545,90,1.954242509,107.571,53820.593,234.779,253.934,1600.139,7.766,9.282,541,46.68,2523,217.695,,,,,32869,38561.28571,,,4.586151506,6608745,570.23,2.836,38561,3.327,0.076,13.2
Belgium,20/12/2020,625930,2170,3.336459734,2541.857,18626,81,1.908485019,96.429,54007.829,187.237,219.322,1607.128,6.989,8.32,543,46.852,2538,218.989,4019.507,346.82,1269.691,109.554,14431,38674.85714,,,4.587428718,6623176,571.475,1.245,38675,3.337,0.076,13.2
Belgium,21/12/2020,626911,981,2.991669007,2528.571,18697,71,1.851258349,91.857,54092.474,84.645,218.176,1613.254,6.126,7.926,546,47.111,2610,225.202,,,,,32477,38820.71429,,,4.589063522,6655653,574.277,2.802,38821,3.35,0.075,13.3
Belgium,22/12/2020,629109,2198,3.342027688,2526.714,18821,124,2.093421685,91.857,54282.126,189.653,218.015,1623.954,10.699,7.926,536,46.248,2557,220.629,,,,,51759,38652.28571,,,4.587175181,6707412,578.743,4.466,38652,3.335,0.074,13.5
Belgium,23/12/2020,632321,3212,3.506775537,2466.143,18939,118,2.071882007,94.429,54559.271,277.145,212.789,1634.135,10.182,8.148,512,44.177,2471,213.208,,,,,41190,37314.14286,,,4.57187347,6748602,582.297,3.554,37314,3.22,0.074,13.5
Belgium,24/12/2020,634904,2583,3.412124406,2385.714,19038,99,1.995635195,95.286,54782.143,222.872,205.849,1642.677,8.542,8.222,514,44.35,2447,211.137,,,,,36868,35979.28571,,,4.556052537,6785470,585.478,3.181,35979,3.104,0.074,13.5
Belgium,25/12/2020,637246,2342,3.369586891,2315.286,19089,51,1.707570176,90.571,54984.22,202.077,199.772,1647.078,4.4,7.815,511,44.091,2284,197.073,,,,,13052,31806.57143,,,4.502516857,6798522,586.605,1.126,31807,2.744,0.074,13.5
Belgium,26/12/2020,638030,784,2.894316063,2038.571,19158,69,1.838849091,87.571,55051.867,67.647,175.896,1653.031,5.954,7.556,493,42.538,2286,197.246,,,,,17853,29661.42857,,,4.472192064,6816375,588.145,1.54,29661,2.559,0.072,13.9
Belgium,27/12/2020,638877,847,2.92788341,1849.571,19200,42,1.62324929,82,55124.95,73.083,159.589,1656.655,3.624,7.075,491,42.366,2359,203.544,3645.176,314.521,1136.146,98.031,13419,29516.85714,,,4.470070113,6829794,589.303,1.158,29517,2.547,0.071,14.1
Belgium,28/12/2020,639734,857,2.932980822,1831.857,19234,34,1.531478917,76.714,55198.895,73.946,158.06,1659.589,2.934,6.619,510,44.005,2440,210.533,,,,,29040,29025.85714,,,4.462785053,6858834,591.809,2.506,29026,2.504,0.07,14.3
Belgium,29/12/2020,641411,1677,3.224533063,1757.429,19361,127,2.103803721,77.143,55343.594,144.698,151.638,1670.547,10.958,6.656,498,42.969,2416,208.462,,,,,41401,27546.14286,,,4.440060795,6900235,595.381,3.572,27546,2.377,0.072,13.9
Belgium,30/12/2020,644242,2831,3.451939869,1703,19441,80,1.903089987,71.714,55587.864,244.27,146.942,1677.45,6.903,6.188,495,42.711,2334,201.387,,,,,32632,26323.57143,,,4.420344811,6932867,598.196,2.816,26324,2.271,0.073,13.7
Belgium,31/12/2020,646496,2254,3.352953912,1656,19528,87,1.939519253,70,55782.349,194.484,142.887,1684.957,7.507,6.04,493,42.538,2188,188.79,,,,,30395,25398.85714,,,4.404814175,6963262,600.819,2.623,25399,2.192,0.072,13.9
