location,date,total_cases,new_cases,new_cases_smoothed,total_deaths,new_deaths,new_deaths_smoothed,total_cases_per_million,new_cases_per_million,new_cases_smoothed_per_million,total_deaths_per_million,new_deaths_per_million,new_deaths_smoothed_per_million,icu_patients,icu_patients_per_million,hosp_patients,hosp_patients_per_million,weekly_icu_admissions,weekly_icu_admissions_per_million,weekly_hosp_admissions,weekly_hosp_admissions_per_million,new_tests,total_tests,total_tests_per_thousand,new_tests_per_thousand,new_tests_smoothed,new_tests_smoothed_per_thousand,positive_rate,tests_per_case
United Kingdom,2020-01-31,2,2,,,,,0.029,0.029,,,,,,,,,,,,,,,,,,,,
United Kingdom,2020-02-01,2,0,,,,,0.029,0,,,,,,,,,,,,,,,,,,,,
United Kingdom,2020-02-02,2,0,,,,,0.029,0,,,,,,,,,,,,,,,,,,,,
United Kingdom,2020-02-03,8,6,,,,,0.118,0.088,,,,,,,,,,,,,,,,,,,,
United Kingdom,2020-02-04,8,0,,,,,0.118,0,,,,,,,,,,,,,,,,,,,,
United Kingdom,2020-02-05,9,1,1.286,,,0,0.133,0.015,0.019,,,0,,,,,,,,,,,,,,,,
United Kingdom,2020-02-06,9,0,1.286,,,0,0.133,0,0.019,,,0,,,,,,,,,,,,,,,,
United Kingdom,2020-02-07,9,0,1,,,0,0.133,0,0.015,,,0,,,,,,,,,,,,,,,,
United Kingdom,2020-02-08,13,4,1.571,,,0,0.191,0.059,0.023,,,0,,,,,,,,,,,,,,,,
United Kingdom,2020-02-09,14,1,1.714,,,0,0.206,0.015,0.025,,,0,,,,,,,,,,,,,,,,
United Kingdom,2020-02-10,14,0,0.857,,,0,0.206,0,0.013,,,0,,,,,,,,,,,,,,,,
United Kingdom,2020-02-11,15,1,1,,,0,0.221,0.015,0.015,,,0,,,,,,,,,,,,,,,,
United Kingdom,2020-02-12,16,1,1,,,0,0.236,0.015,0.015,,,0,,,,,,,,,,,,,,,,
United Kingdom,2020-02-13,17,1,1.143,,,0,0.25,0.015,0.017,,,0,,,,,,,,,,,,,,,,
United Kingdom,2020-02-14,18,1,1.286,,,0,0.265,0.015,0.019,,,0,,,,,,,,,,,,,,,,
United Kingdom,2020-02-15,18,0,0.714,,,0,0.265,0,0.011,,,0,,,,,,,,,,,,,,,,
United Kingdom,2020-02-16,18,0,0.571,,,0,0.265,0,0.008,,,0,,,,,,,,,,,,,,,,
United Kingdom,2020-02-17,19,1,0.714,,,0,0.28,0.015,0.011,,,0,,,,,,,,,,,,,,,,
United Kingdom,2020-02-18,19,0,0.571,,,0,0.28,0,0.008,,,0,,,,,,,,,,,,,,,,
United Kingdom,2020-02-19,20,1,0.571,,,0,0.295,0.015,0.008,,,0,,,,,,,,,,,,,,,,
United Kingdom,2020-02-20,22,2,0.714,,,0,0.324,0.029,0.011,,,0,,,,,,,,,,,,,,,,
United Kingdom,2020-02-21,23,1,0.714,,,0,0.339,0.015,0.011,,,0,,,,,,,,,,,,,,,,
United Kingdom,2020-02-22,23,0,0.714,,,0,0.339,0,0.011,,,0,,,,,,,,,,,,,,,,
United Kingdom,2020-02-23,28,5,1.429,,,0,0.412,0.074,0.021,,,0,,,,,,,,,,,,,,,,
United Kingdom,2020-02-24,30,2,1.571,,,0,0.442,0.029,0.023,,,0,,,,,,,,,,,,,,,,
United Kingdom,2020-02-25,34,4,2.143,,,0,0.501,0.059,0.032,,,0,,,,,,,,,,,,,,,,
United Kingdom,2020-02-26,37,3,2.429,,,0,0.545,0.044,0.036,,,0,,,,,,,,,,,,,,,,
United Kingdom,2020-02-27,44,7,3.143,,,0,0.648,0.103,0.046,,,0,,,,,,,,,,,,,,,,
United Kingdom,2020-02-28,56,12,4.714,,,0,0.825,0.177,0.069,,,0,,,,,,,,,,,,,,,,
United Kingdom,2020-02-29,61,5,5.429,,,0,0.899,0.074,0.08,,,0,,,,,,,,,,,,,,,,
United Kingdom,2020-03-01,94,33,9.429,,,0,1.385,0.486,0.139,,,0,,,,,,,,,,,,,,,,
United Kingdom,2020-03-02,134,40,14.857,,,0,1.974,0.589,0.219,,,0,,,,,,,,,,,,,,,,
United Kingdom,2020-03-03,189,55,22.143,,,0,2.784,0.81,0.326,,,0,,,,,,,,,,,,,,,,
United Kingdom,2020-03-04,246,57,29.857,,,0,3.624,0.84,0.44,,,0,,,,,,,,,,,,,,,,
United Kingdom,2020-03-05,295,49,35.857,,,0,4.346,0.722,0.528,,,0,,,,,,,,,,,,,,,,
United Kingdom,2020-03-06,374,79,45.429,1,1,0.143,5.509,1.164,0.669,0.015,0.015,0.002,,,,,,,,,,,,,,,,
United Kingdom,2020-03-07,429,55,52.571,2,1,0.286,6.319,0.81,0.774,0.029,0.015,0.004,,,,,,,,,,,,,,,,
United Kingdom,2020-03-08,483,54,55.571,2,0,0.286,7.115,0.795,0.819,0.029,0,0.004,,,,,,,,,,,,,,,,
United Kingdom,2020-03-09,630,147,70.857,3,1,0.429,9.28,2.165,1.044,0.044,0.015,0.006,,,,,,,,,,,,,,,,
United Kingdom,2020-03-10,889,259,100,7,4,1,13.095,3.815,1.473,0.103,0.059,0.015,,,,,,,,,,,,,,,,
United Kingdom,2020-03-11,1301,412,150.714,7,0,1,19.164,6.069,2.22,0.103,0,0.015,,,,,,,,,,,,,,,,
United Kingdom,2020-03-12,1790,489,213.571,9,2,1.286,26.368,7.203,3.146,0.133,0.029,0.019,,,,,,,,,,,,,,,,
United Kingdom,2020-03-13,2270,480,270.857,10,1,1.286,33.438,7.071,3.99,0.147,0.015,0.019,,,,,,,,,,,,,,,,
United Kingdom,2020-03-14,2634,364,315,29,19,3.857,38.8,5.362,4.64,0.427,0.28,0.057,,,,,,,,,,,,,,,,
United Kingdom,2020-03-15,3077,443,370.571,43,14,5.857,45.326,6.526,5.459,0.633,0.206,0.086,,,,,,,,,,,,,,,,
United Kingdom,2020-03-16,3692,615,437.429,66,23,9,54.385,9.059,6.444,0.972,0.339,0.133,,,,,,,,,,,,,,,,
United Kingdom,2020-03-17,4462,770,510.429,83,17,10.857,65.728,11.343,7.519,1.223,0.25,0.16,,,,,,,,,,,,,,,,
United Kingdom,2020-03-18,5467,1005,595.143,117,34,15.714,80.532,14.804,8.767,1.723,0.501,0.231,,,,,,,,,,,,,,,,
United Kingdom,2020-03-19,6533,1066,677.571,163,46,22,96.235,15.703,9.981,2.401,0.678,0.324,,,,,,,,,,,,,,,,
United Kingdom,2020-03-20,7791,1258,788.714,195,32,26.429,114.766,18.531,11.618,2.872,0.471,0.389,,,,,,,,,,,,,,,,
United Kingdom,2020-03-21,9006,1215,910.286,253,58,32,132.664,17.898,13.409,3.727,0.854,0.471,,,,,,,,,,,,,,,,
United Kingdom,2020-03-22,10395,1389,1045.429,289,36,35.143,153.124,20.461,15.4,4.257,0.53,0.518,,,,,,,,,,,,,,,,
United Kingdom,2020-03-23,12744,2349,1293.143,365,76,42.714,187.726,34.602,19.049,5.377,1.12,0.629,,,,,,,,,,,,,,,,
United Kingdom,2020-03-24,15126,2382,1523.429,513,148,61.429,222.815,35.088,22.441,7.557,2.18,0.905,,,,,,,,,,,,,,,,
United Kingdom,2020-03-25,17843,2717,1768,704,191,83.857,262.838,40.023,26.044,10.37,2.814,1.235,,,,,,,,,,,,,,,,
United Kingdom,2020-03-26,20970,3127,2062.429,886,182,103.286,308.9,46.063,30.381,13.051,2.681,1.521,,,,,,,,,,,,,,,,
United Kingdom,2020-03-27,24219,3249,2346.857,1174,288,139.857,356.76,47.86,34.571,17.294,4.242,2.06,,,7264,107.003,,,,,,,,,,,,
United Kingdom,2020-03-28,27062,2843,2579.429,1466,292,173.286,398.639,41.879,37.996,21.595,4.301,2.553,,,8275,121.896,,,,,,,,,,,,
United Kingdom,2020-03-29,29954,2892,2794.143,1679,213,198.571,441.24,42.601,41.159,24.733,3.138,2.925,,,9522,140.265,,,13911,204.917,,,,,,,,
United Kingdom,2020-03-30,34281,4327,3076.714,2053,374,241.143,504.979,63.739,45.322,30.242,5.509,3.552,,,11090,163.362,,,,,,,,,,,,
United Kingdom,2020-03-31,38815,4534,3384.143,2457,404,277.714,571.767,66.788,49.85,36.193,5.951,4.091,,,12595,185.532,,,,,11896,155174,2.286,0.175,,,,
United Kingdom,2020-04-01,43789,4974,3706.571,3130,673,346.571,645.037,73.27,54.6,46.107,9.914,5.105,,,13635,200.851,,,,,11924,167098,2.461,0.176,,,,
United Kingdom,2020-04-02,48718,4929,3964,3787,657,414.429,717.644,72.607,58.392,55.785,9.678,6.105,1813,26.707,13873,204.357,,,,,13457,182047,2.682,0.198,,,,
United Kingdom,2020-04-03,53699,4981,4211.429,4524,737,478.571,791.017,73.373,62.037,66.641,10.856,7.05,2120,31.229,15545,228.987,,,,,14293,222937,3.284,0.211,,,,
United Kingdom,2020-04-04,57772,4073,4387.143,5281,757,545,851.015,59.998,64.625,77.792,11.151,8.028,2309,34.013,17500,257.785,,,,,15899,238836,3.518,0.234,,,,
United Kingdom,2020-04-05,61422,3650,4495.429,5882,601,600.429,904.781,53.767,66.22,86.645,8.853,8.845,2469,36.37,18852,277.701,,,21635,318.696,12733,251569,3.706,0.188,,,,
United Kingdom,2020-04-06,66738,5316,4636.714,6452,570,628.429,983.089,78.308,68.301,95.042,8.396,9.257,2644,38.948,19490,287.099,,,,,13684,265885,3.917,0.202,,,,
United Kingdom,2020-04-07,72224,5486,4772.714,7557,1105,728.571,1063.901,80.812,70.305,111.319,16.277,10.732,2864,42.188,20231,298.014,,,,,14419,280304,4.129,0.212,17876,0.263,0.267,3.7
United Kingdom,2020-04-08,77387,5163,4799.714,8589,1032,779.857,1139.955,76.054,70.703,126.521,15.202,11.488,2967,43.706,20737,305.468,,,,,16443,296747,4.371,0.242,18521,0.273,0.259,3.9
United Kingdom,2020-04-09,82293,4906,4796.429,9706,1117,845.571,1212.223,72.268,70.654,142.975,16.454,12.456,2963,43.647,21002,309.372,,,,,18843,315141,4.642,0.278,19013,0.28,0.252,4
United Kingdom,2020-04-10,86660,4367,4708.714,10829,1123,900.714,1276.552,64.328,69.362,159.517,16.542,13.268,3228,47.55,21277,313.422,,,,,17737,332925,4.904,0.261,15713,0.231,0.3,3.3
United Kingdom,2020-04-11,90273,3613,4643,11673,844,913.143,1329.773,53.222,68.394,171.95,12.433,13.451,3274,48.228,21251,313.039,,,,,17650,350575,5.164,0.26,15963,0.235,0.291,3.4
United Kingdom,2020-04-12,93812,3539,4627.143,12330,657,921.143,1381.905,52.132,68.16,181.628,9.678,13.569,3301,48.626,21684,319.418,,,18482,272.251,14506,365081,5.378,0.214,16216,0.239,0.285,3.5
United Kingdom,2020-04-13,98017,4205,4468.429,13055,725,943.286,1443.847,61.942,65.823,192.308,10.68,13.895,3277,48.272,21304,313.82,,,,,14567,379649,5.592,0.215,16252,0.239,0.275,3.6
United Kingdom,2020-04-14,102365,4348,4305.857,14135,1080,939.714,1507.896,64.049,63.428,208.217,15.909,13.843,3234,47.639,21277,313.422,,,,,15991,395912,5.832,0.236,16515,0.243,0.261,3.8
United Kingdom,2020-04-15,107465,5100,4296.857,15019,884,918.571,1583.021,75.126,63.295,221.239,13.022,13.531,3228,47.55,20578,303.126,,,,,18489,414469,6.105,0.272,16817,0.248,0.256,3.9
United Kingdom,2020-04-16,112808,5343,4359.286,16059,1040,907.571,1661.727,78.705,64.215,236.558,15.32,13.369,3222,47.462,20385,300.283,,,,,20906,435389,6.414,0.308,17178,0.253,0.254,3.9
United Kingdom,2020-04-17,117798,4990,4448.286,16973,914,877.714,1735.232,73.506,65.526,250.022,13.464,12.929,3162,46.578,19326,284.683,,,,,21081,456527,6.725,0.311,17657,0.26,0.252,4
United Kingdom,2020-04-18,122534,4736,4608.714,18081,1108,915.429,1804.997,69.764,67.889,266.344,16.321,13.485,3247,47.83,19453,286.554,,,,,21249,477776,7.038,0.313,18172,0.268,0.254,3.9
United Kingdom,2020-04-19,126394,3860,4654.571,18514,433,883.429,1861.857,56.86,68.565,272.722,6.378,13.013,3176,46.784,19570,288.277,,,13391,197.257,19316,497092,7.322,0.285,18859,0.278,0.247,4.1
United Kingdom,2020-04-20,131260,4866,4749,19090,576,862.143,1933.536,71.679,69.956,281.207,8.485,12.7,3130,46.107,19327,284.698,,,,,17365,532229,7.84,0.256,21797,0.321,0.218,4.6
United Kingdom,2020-04-21,136035,4775,4810,20314,1224,882.714,2003.874,70.339,70.854,299.237,18.03,13.003,3036,44.722,19136,281.884,,,,,22763,554992,8.175,0.335,22726,0.335,0.212,4.7
United Kingdom,2020-04-22,141540,5505,4867.857,21171,857,878.857,2084.966,81.092,71.706,311.861,12.624,12.946,2964,43.661,18530,272.958,,,,,23073,578066,8.515,0.34,23371,0.344,0.208,4.8
United Kingdom,2020-04-23,146708,5168,4842.857,21855,684,828,2161.093,76.128,71.338,321.937,10.076,12.197,2867,42.233,17864,263.147,,,,,28024,606093,8.928,0.413,24386,0.359,0.199,5
United Kingdom,2020-04-24,151689,4981,4841.571,22873,1018,842.857,2234.466,73.373,71.319,336.932,14.996,12.416,2703,39.817,17060,251.304,,,,,28225,634319,9.344,0.416,25399,0.374,0.191,5.2
United Kingdom,2020-04-25,155453,3764,4702.714,23689,816,801.143,2289.912,55.446,69.274,348.953,12.02,11.801,2702,39.802,16601,244.542,,,,,29058,663377,9.772,0.428,26514,0.391,0.177,5.6
United Kingdom,2020-04-26,158926,3473,4647.429,24053,364,791.286,2341.072,51.159,68.459,354.315,5.362,11.656,2580,38.005,16552,243.821,,,10625,156.512,31610,694987,10.238,0.466,28271,0.416,0.164,6.1
United Kingdom,2020-04-27,163630,4704,4624.286,24376,323,755.143,2410.364,69.293,68.118,359.073,4.758,11.124,2460,36.237,16658,245.382,,,,,31453,726553,10.703,0.463,27761,0.409,0.167,6
United Kingdom,2020-04-28,168357,4727,4617.429,25347,971,719,2479.996,69.631,68.017,373.376,14.303,10.591,2353,34.661,15873,233.818,,,,,45263,771817,11.369,0.667,30975,0.456,0.149,6.7
United Kingdom,2020-04-29,173807,5450,4609.571,26118,771,706.714,2560.277,80.282,67.902,384.733,11.357,10.41,2286,33.674,15517,228.574,,,,,65643,839597,12.368,0.967,37362,0.55,0.123,8.1
United Kingdom,2020-04-30,178771,4964,4580.429,26754,636,699.857,2633.4,73.123,67.472,394.102,9.369,10.309,2224,32.761,15160,223.316,,,,,83143,922684,13.592,1.225,45227,0.666,0.101,9.9
United Kingdom,2020-05-01,183501,4730,4544.571,27454,700,654.429,2703.076,69.676,66.944,404.413,10.311,9.64,2178,32.083,14719,216.819,,,,,74142,996826,14.684,1.092,51787,0.763,0.088,11.4
United Kingdom,2020-05-02,186731,3230,4468.286,28039,585,621.429,2750.655,47.58,65.82,413.031,8.617,9.154,2068,30.463,14376,211.767,,,,,63559,1060387,15.62,0.936,56716,0.835,0.079,12.7
United Kingdom,2020-05-03,189708,2977,4397.429,28292,253,605.571,2794.508,43.853,64.777,416.757,3.727,8.92,2009,29.594,14184,208.939,,,9617,141.664,68203,1128590,16.625,1.005,61943,0.912,0.071,14.1
United Kingdom,2020-05-04,193091,3383,4208.714,28565,273,598.429,2844.342,49.834,61.997,420.779,4.021,8.815,1936,28.518,14092,207.583,,,,,72630,1208190,17.797,1.07,68805,1.014,0.061,16.3
United Kingdom,2020-05-05,196780,3689,4060.429,29290,725,563.286,2898.683,54.341,59.812,431.459,10.68,8.298,1874,27.605,13718,202.074,,,,,66919,1270344,18.713,0.986,71218,1.049,0.057,17.5
United Kingdom,2020-05-06,200616,3836,3829.857,29937,647,545.571,2955.189,56.506,56.416,440.989,9.531,8.037,1802,26.544,13143,193.604,,,,,74455,1347190,19.845,1.097,72513,1.068,0.053,18.9
United Kingdom,2020-05-07,204387,3771,3659.429,30395,458,520.143,3010.738,55.549,53.905,447.736,6.747,7.662,1685,24.821,12622,185.929,,,,,77466,1424655,20.986,1.141,71710,1.056,0.051,19.6
United Kingdom,2020-05-08,207439,3052,3419.714,30975,580,503,3055.696,44.958,50.374,456.28,8.544,7.409,1642,24.188,12049,177.489,,,,,76963,1501622,22.12,1.134,72114,1.062,0.047,21.1
United Kingdom,2020-05-09,209589,2150,3265.429,31250,275,458.714,3087.367,31.671,48.102,460.331,4.051,6.757,1585,23.348,12017,177.017,,,,,77152,1578774,23.256,1.136,74055,1.091,0.044,22.7
United Kingdom,2020-05-10,211911,2322,3171.857,31467,217,453.571,3121.571,34.204,46.723,463.527,3.197,6.681,1538,22.656,11723,172.687,,,7533,110.965,76507,1655281,24.383,1.127,75242,1.108,0.042,23.7
United Kingdom,2020-05-11,215500,3589,3201.286,31655,188,441.429,3174.439,52.868,47.157,466.296,2.769,6.502,1485,21.875,11963,176.222,,,,,70332,1725696,25.42,1.036,73929,1.089,0.043,23.1
United Kingdom,2020-05-12,218895,3395,3159.286,32270,615,425.714,3224.45,50.01,46.538,475.356,9.059,6.271,1414,20.829,11587,170.683,,,,,74593,1800289,26.519,1.099,75706,1.115,0.042,24
United Kingdom,2020-05-13,222195,3300,3082.714,32718,448,397.286,3273.061,48.611,45.41,481.955,6.599,5.852,1342,19.768,11338,167.015,,,,,83182,1884165,27.755,1.225,76711,1.13,0.04,24.9
United Kingdom,2020-05-14,224813,2618,2918,33071,353,382.286,3311.625,38.565,42.984,487.155,5.2,5.631,1314,19.356,10916,160.799,,,,,84693,1968871,29.003,1.248,77745,1.145,0.038,26.6
United Kingdom,2020-05-15,227334,2521,2842.143,33422,351,349.571,3348.761,37.136,41.866,492.325,5.17,5.149,1337,19.695,10686,157.411,,,,,91342,2060212,30.348,1.346,79799,1.175,0.036,28.1
United Kingdom,2020-05-16,229406,2072,2831,33833,411,369,3379.283,30.522,41.702,498.38,6.054,5.436,1234,18.178,10233,150.738,,,,,91360,2151572,31.694,1.346,81828,1.205,0.035,28.9
United Kingdom,2020-05-17,231232,1826,2760.143,33900,67,347.571,3406.181,26.898,40.658,499.367,0.987,5.12,1196,17.618,10194,150.164,,,6358,93.657,81278,2232850,32.891,1.197,82510,1.215,0.033,29.9
United Kingdom,2020-05-18,233809,2577,2615.571,34046,146,341.571,3444.141,37.961,38.529,501.517,2.151,5.032,1141,16.808,10227,150.65,,,,,70074,2302976,33.924,1.032,82469,1.215,0.032,31.5
United Kingdom,2020-05-19,236867,3058,2567.429,34547,501,325.286,3489.188,45.046,37.82,508.897,7.38,4.792,1106,16.292,10009,147.438,,,,,86041,2380736,35.07,1.267,82921,1.221,0.031,32.3
United Kingdom,2020-05-20,239579,2712,2483.429,34876,329,308.286,3529.137,39.949,36.582,513.744,4.846,4.541,1034,15.231,9559,140.81,,,,,86634,2467369,36.346,1.276,83315,1.227,0.03,33.5
United Kingdom,2020-05-21,242133,2554,2474.286,35149,273,296.857,3566.759,37.622,36.448,517.765,4.021,4.373,1008,14.848,9289,136.832,,,,,105655,2573033,37.902,1.556,86309,1.271,0.029,34.9
United Kingdom,2020-05-22,244174,2041,2405.714,35440,291,288.286,3596.824,30.065,35.438,522.052,4.287,4.247,964,14.2,9181,135.241,,,,,91196,2664230,39.246,1.343,86288,1.271,0.028,35.9
United Kingdom,2020-05-23,245682,1508,2325.143,35660,220,261,3619.038,22.214,34.251,525.292,3.241,3.845,928,13.67,8811,129.791,,,,,91841,2756068,40.598,1.353,86357,1.272,0.027,37.1
United Kingdom,2020-05-24,247037,1355,2257.857,36039,379,305.571,3638.998,19.96,33.26,530.875,5.583,4.501,886,13.051,8811,129.791,,,5388,79.368,59464,2815535,41.474,0.876,83241,1.226,0.027,36.9
United Kingdom,2020-05-25,248650,1613,2120.143,36143,104,299.571,3662.758,23.76,31.231,532.407,1.532,4.413,863,12.712,8833,130.115,,,,,78385,2963880,43.66,1.155,94415,1.391,0.022,44.5
United Kingdom,2020-05-26,250309,1659,1920.286,36274,131,246.714,3687.196,24.438,28.287,534.337,1.93,3.634,847,12.477,8728,128.568,,,,,77745,3041801,44.807,1.145,94438,1.391,0.02,49.2
United Kingdom,2020-05-27,252118,1809,1791.286,36696,422,260,3713.844,26.648,26.387,540.553,6.216,3.83,783,11.534,8215,121.012,,,,,82670,3124473,46.025,1.218,93872,1.383,0.019,52.4
United Kingdom,2020-05-28,253854,1736,1674.429,37039,343,270,3739.416,25.572,24.665,545.606,5.053,3.977,751,11.063,7903,116.416,,,,,101753,3226227,47.524,1.499,93313,1.375,0.018,55.7
United Kingdom,2020-05-29,255362,1508,1598.286,37313,274,267.571,3761.63,22.214,23.544,549.642,4.036,3.941,719,10.591,7583,111.702,,,,,105459,3331686,49.078,1.553,95351,1.405,0.017,59.7
United Kingdom,2020-05-30,256469,1107,1541,37467,154,258.143,3777.936,16.307,22.7,551.911,2.269,3.803,704,10.37,7264,107.003,,,,,96995,3428684,50.506,1.429,96088,1.415,0.016,62.4
United Kingdom,2020-05-31,257539,1070,1500.286,37527,60,212.571,3793.698,15.762,22.1,552.794,0.884,3.131,679,10.002,7234,106.561,,,4423,65.153,82243,3510927,51.718,1.211,99342,1.463,0.015,66.2
United Kingdom,2020-06-01,258983,1444,1476.143,37613,86,210,3814.969,21.271,21.744,554.061,1.267,3.093,652,9.604,7243,106.694,,,,,70648,3581534,52.758,1.041,88236,1.3,0.017,59.8
United Kingdom,2020-06-02,260453,1470,1449.143,37863,250,227,3836.623,21.654,21.347,557.744,3.683,3.344,636,9.369,7081,104.307,,,,,92299,3674232,54.124,1.36,90347,1.331,0.016,62.3
United Kingdom,2020-06-03,261802,1349,1383.429,38117,254,203,3856.494,19.872,20.379,561.485,3.742,2.99,602,8.868,6809,100.3,,,,,101885,3776246,55.626,1.501,93110,1.372,0.015,67.3
United Kingdom,2020-06-04,263040,1238,1312.286,38247,130,172.571,3874.731,18.236,19.331,563.4,1.915,2.542,571,8.411,6570,96.78,,,,,99484,3875730,57.092,1.465,92786,1.367,0.014,70.7
United Kingdom,2020-06-05,264150,1110,1255.429,38505,258,170.286,3891.082,16.351,18.493,567.201,3.8,2.508,554,8.161,6370,93.834,,,,,101961,3978661,58.608,1.502,92425,1.361,0.014,73.6
United Kingdom,2020-06-06,264944,794,1210.714,38648,143,168.714,3902.778,11.696,17.835,569.307,2.106,2.485,540,7.955,6140,90.446,,,,,93154,4072267,59.987,1.372,91940,1.354,0.013,75.9
United Kingdom,2020-06-07,265662,718,1160.429,38702,54,167.857,3913.355,10.577,17.094,570.103,0.795,2.473,515,7.586,5935,87.426,,,3757,55.343,86926,4159303,61.269,1.28,92625,1.364,0.013,79.8
United Kingdom,2020-06-08,266756,1094,1110.429,38749,47,162.286,3929.47,16.115,16.357,570.795,0.692,2.391,509,7.498,5923,87.249,,,,,69999,4264755,62.822,1.031,97603,1.438,0.011,87.9
United Kingdom,2020-06-09,267915,1159,1066,38946,197,154.714,3946.543,17.073,15.703,573.697,2.902,2.279,491,7.233,5728,84.377,,,,,93959,4359163,64.213,1.384,97847,1.441,0.011,91.8
United Kingdom,2020-06-10,269101,1186,1042.714,39110,164,141.857,3964.013,17.47,15.36,576.113,2.416,2.09,439,6.467,5468,80.547,,,,,101033,4460271,65.702,1.488,97718,1.439,0.011,93.7
United Kingdom,2020-06-11,270108,1007,1009.714,39186,76,134.143,3978.847,14.834,14.874,577.232,1.12,1.976,390,5.745,5177,76.26,,,,,101778,4563309,67.22,1.499,98226,1.447,0.01,97.3
United Kingdom,2020-06-12,271162,1054,1001.714,39317,131,116,3994.373,15.526,14.756,579.162,1.93,1.709,393,5.789,5087,74.934,,,,,98375,4663013,68.689,1.449,97765,1.44,0.01,97.6
United Kingdom,2020-06-13,272050,888,1015.143,39424,107,110.857,4007.453,13.081,14.954,580.738,1.576,1.633,390,5.745,4939,72.754,,,,,98974,4762842,70.159,1.458,98654,1.453,0.01,97.2
United Kingdom,2020-06-14,272857,807,1027.857,39451,27,107,4019.341,11.888,15.141,581.136,0.398,1.576,393,5.789,4906,72.268,,,3000,44.192,69529,4833223,71.196,1.024,96274,1.418,0.011,93.7
United Kingdom,2020-06-15,273888,1031,1018.857,39480,29,104.429,4034.528,15.187,15.008,581.563,0.427,1.538,385,5.671,4868,71.708,,,,,71402,4904625,72.248,1.052,91410,1.347,0.011,89.7
United Kingdom,2020-06-16,274971,1083,1008,39600,120,93.429,4050.481,15.953,14.848,583.331,1.768,1.376,378,5.568,4861,71.605,,,,,80862,4985487,73.439,1.191,89475,1.318,0.011,88.8
United Kingdom,2020-06-17,275970,999,981.286,39710,110,85.714,4065.197,14.716,14.455,584.951,1.62,1.263,357,5.259,4717,69.484,,,,,86438,5071925,74.712,1.273,87379,1.287,0.011,89
United Kingdom,2020-06-18,276990,1020,983.143,39777,67,84.429,4080.222,15.025,14.482,585.938,0.987,1.244,352,5.185,4558,67.142,,,,,89613,5165408,76.089,1.32,86014,1.267,0.011,87.5
United Kingdom,2020-06-19,277974,984,973.143,39861,84,77.714,4094.717,14.495,14.335,587.176,1.237,1.145,330,4.861,4412,64.991,,,,,90547,5255955,77.423,1.334,84706,1.248,0.011,87
United Kingdom,2020-06-20,278640,666,941.429,39932,71,72.571,4104.528,9.811,13.868,588.221,1.046,1.069,346,5.097,4250,62.605,,,,,83467,5339704,78.657,1.23,82409,1.214,0.011,87.5
United Kingdom,2020-06-21,279264,624,915.286,39963,31,73.143,4113.72,9.192,13.483,588.678,0.457,1.077,310,4.566,4220,62.163,,,2610,38.447,60484,5400371,79.551,0.891,81021,1.193,0.011,88.5
United Kingdom,2020-06-22,280156,892,895.429,39976,13,70.857,4126.859,13.14,13.19,588.87,0.191,1.044,340,5.008,4279,63.032,,,,,63026,5466497,80.525,0.928,80267,1.182,0.011,89.6
United Kingdom,2020-06-23,281038,882,866.714,40070,94,67.143,4139.852,12.992,12.767,590.254,1.385,0.989,311,4.581,4132,60.867,,,,,73646,5540143,81.61,1.085,79237,1.167,0.011,91.4
United Kingdom,2020-06-24,281815,777,835,40157,87,63.857,4151.298,11.446,12.3,591.536,1.282,0.941,316,4.655,4028,59.335,,,,,91135,5631278,82.952,1.342,79908,1.177,0.01,95.7
United Kingdom,2020-06-25,282512,697,788.857,40256,99,68.429,4161.565,10.267,11.62,592.994,1.458,1.008,276,4.066,3848,56.683,,,,,108124,5782973,85.187,1.593,88224,1.3,0.009,111.8
United Kingdom,2020-06-26,283151,639,739.571,40333,77,67.429,4170.978,9.413,10.894,594.128,1.134,0.993,268,3.948,3618,53.295,,,,,105971,5888944,86.748,1.561,90427,1.332,0.008,122.3
United Kingdom,2020-06-27,283785,634,735,40373,40,63,4180.317,9.339,10.827,594.718,0.589,0.928,270,3.977,3542,52.176,,,,,100631,5989575,88.23,1.482,92839,1.368,0.008,126.3
United Kingdom,2020-06-28,284192,407,704,40404,31,63,4186.312,5.995,10.37,595.174,0.457,0.928,270,3.977,3555,52.367,,,2281,33.6,83157,6073492,89.466,1.225,96160,1.416,0.007,136.6
United Kingdom,2020-06-29,284812,620,665.143,40425,21,64.143,4195.445,9.133,9.798,595.484,0.309,0.945,262,3.859,3746,55.181,,,,,75662,6151618,90.617,1.115,97874,1.442,0.007,147.1
United Kingdom,2020-06-30,285216,404,596.857,40479,54,58.429,4201.396,5.951,8.792,596.279,0.795,0.861,279,4.11,3381,49.804,,,,,112164,6272682,92.4,1.652,104648,1.542,0.006,175.3
United Kingdom,2020-07-01,285279,63,494.857,40576,97,59.857,4202.324,0.928,7.29,597.708,1.429,0.882,259,3.815,3196,47.079,,,,,123348,6396219,94.22,1.817,109277,1.61,0.005,220.8
United Kingdom,2020-07-02,285285,6,396.143,40617,41,51.571,4202.413,0.088,5.835,598.312,0.604,0.76,239,3.521,3077,45.326,,,,,136186,6532368,96.226,2.006,107056,1.577,0.004,270.2
United Kingdom,2020-07-03,285787,502,376.571,40666,49,47.571,4209.807,7.395,5.547,599.034,0.722,0.701,231,3.403,2940,43.308,,,,,139218,6671841,98.28,2.051,111842,1.647,0.003,297
United Kingdom,2020-07-04,286412,625,375.286,40698,32,46.429,4219.014,9.207,5.528,599.505,0.471,0.684,220,3.241,2799,41.231,,,,,114274,6786243,99.965,1.683,113810,1.676,0.003,303.3
United Kingdom,2020-07-05,286931,519,391.286,40717,19,44.714,4226.659,7.645,5.764,599.785,0.28,0.659,217,3.197,2739,40.347,,,1612,23.746,92774,6879738,101.343,1.367,115178,1.697,0.003,294.4
United Kingdom,2020-07-06,287290,359,354,40728,11,43.286,4231.947,5.288,5.215,599.947,0.162,0.638,209,3.079,2697,39.728,,,,,77469,6957311,102.485,1.141,115099,1.695,0.003,325.1
United Kingdom,2020-07-07,287874,584,379.714,40782,54,43.286,4240.55,8.603,5.593,600.742,0.795,0.638,197,2.902,2596,38.241,,,,,106977,7064288,104.061,1.576,113087,1.666,0.003,297.8
United Kingdom,2020-07-08,288511,637,461.714,40839,57,37.571,4249.933,9.383,6.801,601.582,0.84,0.553,185,2.725,2452,36.119,,,,,127389,7191497,105.935,1.877,113611,1.674,0.004,246.1
United Kingdom,2020-07-09,289154,643,552.714,40870,31,36.143,4259.405,9.472,8.142,602.039,0.457,0.532,188,2.769,2341,34.484,,,,,137861,7329538,107.968,2.031,113881,1.678,0.005,206
United Kingdom,2020-07-10,289678,524,555.857,40904,34,34,4267.124,7.719,8.188,602.54,0.501,0.501,191,2.814,2240,32.996,,,,,134030,7463671,109.944,1.974,113119,1.666,0.005,203.5
United Kingdom,2020-07-11,290504,826,584.571,40921,17,31.857,4279.292,12.167,8.611,602.79,0.25,0.469,168,2.475,2114,31.14,,,,,126549,7590220,111.808,1.864,114854,1.692,0.005,196.5
United Kingdom,2020-07-12,291154,650,603.286,40930,9,30.429,4288.866,9.575,8.887,602.923,0.133,0.448,159,2.342,2096,30.875,,,1303,19.194,94700,7685301,113.209,1.395,115080,1.695,0.005,190.8
United Kingdom,2020-07-13,291691,537,628.714,40940,10,30.286,4296.777,7.91,9.261,603.07,0.147,0.446,162,2.386,2108,31.052,,,,,85880,7770238,114.46,1.265,116132,1.711,0.005,184.7
United Kingdom,2020-07-14,292931,1240,722.429,40984,44,28.857,4315.043,18.266,10.642,603.718,0.648,0.425,145,2.136,1989,29.299,,,,,118186,7888890,116.208,1.741,117800,1.735,0.006,163.1
United Kingdom,2020-07-15,293469,538,708.286,41010,26,24.429,4322.968,7.925,10.433,604.101,0.383,0.36,153,2.254,1970,29.019,,,,,137828,8030203,118.29,2.03,119815,1.765,0.006,169.2
United Kingdom,2020-07-16,294116,647,708.857,41034,24,23.429,4332.498,9.531,10.442,604.454,0.354,0.345,142,2.092,1825,26.883,,,,,150975,8181475,120.518,2.224,121705,1.793,0.006,171.7
United Kingdom,2020-07-17,294803,687,732.143,41060,26,22.286,4342.618,10.12,10.785,604.837,0.383,0.328,143,2.106,1800,26.515,,,,,164440,8346355,122.947,2.422,126098,1.857,0.006,172.2
United Kingdom,2020-07-18,295632,829,732.571,41069,9,21.143,4354.83,12.212,10.791,604.97,0.133,0.311,137,2.018,1772,26.103,,,,,135779,8482133,124.947,2,127416,1.877,0.006,173.9
United Kingdom,2020-07-19,296358,726,743.429,41080,11,21.429,4365.524,10.694,10.951,605.132,0.162,0.316,131,1.93,1738,25.602,,,1083,15.953,114222,8596355,126.629,1.683,130151,1.917,0.006,175.1
United Kingdom,2020-07-20,296944,586,750.429,41090,10,21.429,4374.156,8.632,11.054,605.279,0.147,0.316,129,1.9,1730,25.484,,,,,92518,8689851,128.007,1.363,131373,1.935,0.006,175.1
United Kingdom,2020-07-21,297389,445,636.857,41115,25,18.714,4380.712,6.555,9.381,605.648,0.368,0.276,137,2.018,1630,24.011,,,,,132626,8822476,129.96,1.954,133369,1.965,0.005,209.4
United Kingdom,2020-07-22,297952,563,640.429,41132,17,17.429,4389.005,8.293,9.434,605.898,0.25,0.257,110,1.62,1743,25.675,,,,,137234,8959710,131.982,2.022,132787,1.956,0.005,207.3
United Kingdom,2020-07-23,298731,779,659.286,41141,9,15.286,4400.48,11.475,9.712,606.031,0.133,0.225,111,1.635,1534,22.597,,,,,141117,9100816,134.06,2.079,131334,1.935,0.005,199.2
United Kingdom,2020-07-24,299500,769,671,41173,32,16.143,4411.808,11.328,9.884,606.502,0.471,0.238,104,1.532,1449,21.345,,,,,147292,9248643,136.238,2.17,128898,1.899,0.005,192.1
United Kingdom,2020-07-25,300270,770,662.571,41188,15,17,4423.15,11.343,9.76,606.723,0.221,0.25,93,1.37,1396,20.564,,,,,139062,9387703,138.286,2.048,129367,1.906,0.005,195.3
United Kingdom,2020-07-26,301020,750,666,41196,8,16.571,4434.198,11.048,9.811,606.841,0.118,0.244,92,1.355,1378,20.299,,,997,14.686,111801,9505596,140.023,1.647,129892,1.913,0.005,195
United Kingdom,2020-07-27,301708,688,680.571,41199,3,15.571,4444.333,10.135,10.025,606.885,0.044,0.229,97,1.429,1365,20.107,,,,,89565,9595161,141.342,1.319,129330,1.905,0.005,190
United Kingdom,2020-07-28,302261,553,696,41220,21,15,4452.479,8.146,10.252,607.194,0.309,0.221,93,1.37,1364,20.093,,,,,147818,9742978,143.52,2.177,131500,1.937,0.005,188.9
United Kingdom,2020-07-29,303063,802,730.143,41254,34,17.429,4464.293,11.814,10.755,607.695,0.501,0.257,87,1.282,1345,19.813,,,,,157439,9900604,145.842,2.319,134413,1.98,0.005,184.1
United Kingdom,2020-07-30,303910,847,739.857,41254,0,16.143,4476.77,12.477,10.899,607.695,0,0.238,84,1.237,1309,19.282,,,,,170027,10070992,148.352,2.505,138597,2.042,0.005,187.3
United Kingdom,2020-07-31,304793,883,756.143,41274,20,14.429,4489.777,13.007,11.138,607.99,0.295,0.213,86,1.267,1260,18.561,,,,,164748,10235737,150.778,2.427,141013,2.077,0.005,186.5
United Kingdom,2020-08-01,305562,769,756,41287,13,14.143,4501.105,11.328,11.136,608.181,0.191,0.208,92,1.355,1284,18.914,,,,,146011,10381748,152.929,2.151,142006,2.092,0.005,187.8
United Kingdom,2020-08-02,306309,747,755.571,41292,5,13.714,4512.108,11.004,11.13,608.255,0.074,0.202,85,1.252,1248,18.384,,,842,12.403,145568,10528542,155.091,2.144,146135,2.153,0.005,193.4
United Kingdom,2020-08-03,307251,942,791.857,41293,1,13.429,4525.984,13.876,11.665,608.27,0.015,0.198,77,1.134,1245,18.34,,,,,144999,10673541,157.227,2.136,154054,2.269,0.005,194.5
United Kingdom,2020-08-04,307926,675,809.286,41311,18,13,4535.928,9.943,11.921,608.535,0.265,0.191,76,1.12,1210,17.824,,,,,150265,10824501,159.451,2.213,154503,2.276,0.005,190.9
United Kingdom,2020-08-05,308832,906,824.143,41325,14,10.143,4549.274,13.346,12.14,608.741,0.206,0.149,73,1.075,1194,17.588,,,,,161111,10986604,161.839,2.373,155143,2.285,0.005,188.2
United Kingdom,2020-08-06,309796,964,840.857,41343,18,12.714,4563.474,14.2,12.386,609.006,0.265,0.187,69,1.016,1149,16.925,,,,,174833,11162162,164.425,2.575,155881,2.296,0.005,185.4
United Kingdom,2020-08-07,310696,900,843.286,41355,12,11.571,4576.731,13.258,12.422,609.183,0.177,0.17,67,0.987,1089,16.042,,,,,173213,11335375,166.977,2.552,157091,2.314,0.005,186.3
United Kingdom,2020-08-08,311461,765,842.714,41358,3,10.143,4588,11.269,12.414,609.227,0.044,0.149,62,0.913,1022,15.055,,,,,160651,11496026,169.343,2.366,159183,2.345,0.005,188.9
United Kingdom,2020-08-09,312574,1113,895,41363,5,10.143,4604.395,16.395,13.184,609.301,0.074,0.149,65,0.957,978,14.407,,,838,12.344,162990,11659552,171.752,2.401,161573,2.38,0.006,180.5
United Kingdom,2020-08-10,313392,818,877.286,41381,18,12.571,4616.445,12.05,12.923,609.566,0.265,0.185,70,1.031,1082,15.938,,,,,152498,11812650,174.007,2.246,162730,2.397,0.005,185.5
United Kingdom,2020-08-11,314542,1150,945.143,41394,13,11.857,4633.385,16.94,13.922,609.757,0.191,0.175,73,1.075,1034,15.231,,,,,157558,11970337,176.33,2.321,163691,2.411,0.006,173.2
United Kingdom,2020-08-12,315581,1039,964.143,41414,20,12.714,4648.69,15.305,14.202,610.052,0.295,0.187,80,1.178,999,14.716,,,,,176489,12148434,178.953,2.6,165976,2.445,0.006,172.1
United Kingdom,2020-08-13,316729,1148,990.429,41432,18,12.714,4665.601,16.911,14.59,610.317,0.265,0.187,75,1.105,1003,14.775,,,,,163470,12313091,181.379,2.408,164418,2.422,0.006,166
United Kingdom,2020-08-14,318190,1461,1070.571,41443,11,12.571,4687.122,21.521,15.77,610.479,0.162,0.185,73,1.075,990,14.583,,,,,170441,12483532,183.89,2.511,164022,2.416,0.007,153.2
United Kingdom,2020-08-15,319232,1042,1110.143,41446,3,12.571,4702.472,15.349,16.353,610.523,0.044,0.185,76,1.12,969,14.274,,,,,180197,12663729,186.544,2.654,166815,2.457,0.007,150.3
United Kingdom,2020-08-16,320343,1111,1109.857,41451,5,12.571,4718.837,16.366,16.349,610.597,0.074,0.185,78,1.149,974,14.348,,,705,10.385,168144,12833817,189.05,2.477,167752,2.471,0.007,151.1
United Kingdom,2020-08-17,321064,721,1096,41454,3,10.429,4729.458,10.621,16.145,610.641,0.044,0.154,73,1.075,977,14.392,,,,,146264,12980099,191.204,2.155,166778,2.457,0.007,152.2
United Kingdom,2020-08-18,322177,1113,1090.714,41466,12,10.286,4745.853,16.395,16.067,610.818,0.177,0.152,73,1.075,948,13.965,,,,,157194,13137301,193.52,2.316,166709,2.456,0.007,152.8
United Kingdom,2020-08-19,323008,831,1061,41483,17,9.857,4758.094,12.241,15.629,611.069,0.25,0.145,70,1.031,920,13.552,,,,,181358,13317181,196.17,2.672,166964,2.459,0.006,157.4
United Kingdom,2020-08-20,324203,1195,1067.714,41489,6,8.143,4775.697,17.603,15.728,611.157,0.088,0.12,76,1.12,905,13.331,,,,,174250,13492242,198.749,2.567,168450,2.481,0.006,157.8
United Kingdom,2020-08-21,325263,1060,1010.429,41491,2,6.857,4791.312,15.614,14.884,611.186,0.029,0.101,72,1.061,884,13.022,,,,,181878,13674120,201.428,2.679,170084,2.505,0.006,168.3
United Kingdom,2020-08-22,326595,1332,1051.857,41509,18,9,4810.933,19.621,15.494,611.452,0.265,0.133,71,1.046,938,13.817,,,,,177279,13851399,204.039,2.611,169667,2.499,0.006,161.3
United Kingdom,2020-08-23,327643,1048,1042.857,41515,6,9.143,4826.37,15.438,15.362,611.54,0.088,0.135,72,1.061,865,12.742,,,689,10.149,165455,14017466,206.485,2.437,169093,2.491,0.006,162.1
United Kingdom,2020-08-24,328620,977,1079.429,41519,4,9.286,4840.762,14.392,15.901,611.599,0.059,0.137,68,1.002,871,12.83,,,,,147940,14165419,208.665,2.179,169331,2.494,0.006,156.9
United Kingdom,2020-08-25,329821,1201,1092,41535,16,9.857,4858.454,17.691,16.086,611.835,0.236,0.145,68,1.002,839,12.359,,,,,179602,14366169,211.622,2.646,175553,2.586,0.006,160.8
United Kingdom,2020-08-26,330967,1146,1137,41552,17,9.857,4875.335,16.881,16.749,612.085,0.25,0.145,64,0.943,824,12.138,,,,,206143,14573699,214.679,3.037,179503,2.644,0.006,157.9
United Kingdom,2020-08-27,332509,1542,1186.571,41564,12,10.714,4898.049,22.715,17.479,612.262,0.177,0.158,71,1.046,835,12.3,,,,,194522,14775686,217.654,2.865,183349,2.701,0.006,154.5
United Kingdom,2020-08-28,333806,1297,1220.429,41573,9,11.714,4917.155,19.106,17.978,612.394,0.133,0.173,60,0.884,813,11.976,,,,,188974,14965319,220.448,2.784,184457,2.717,0.007,151.1
United Kingdom,2020-08-29,334916,1110,1188.714,41585,12,10.857,4933.506,16.351,17.51,612.571,0.177,0.16,66,0.972,828,12.197,,,,,180033,15145352,223.1,2.652,184850,2.723,0.006,155.5
United Kingdom,2020-08-30,336668,1752,1289.286,41586,1,10.143,4959.314,25.808,18.992,612.586,0.015,0.149,68,1.002,826,12.167,,,815,12.005,181038,15326390,225.767,2.667,186989,2.754,0.007,145
United Kingdom,2020-08-31,338083,1415,1351.857,41589,3,10,4980.158,20.844,19.914,612.63,0.044,0.147,71,1.046,849,12.506,,,,,180368,15506758,228.423,2.657,191620,2.823,0.007,141.7
United Kingdom,2020-09-01,339415,1332,1370.571,41592,3,8.143,4999.779,19.621,20.189,612.674,0.044,0.12,82,1.208,857,12.624,,,,,171339,15677964,230.945,2.524,187399,2.76,0.007,136.7
United Kingdom,2020-09-02,340929,1514,1423.143,41602,10,7.143,5022.081,22.302,20.964,612.821,0.147,0.105,81,1.193,799,11.77,,,,,196734,15886354,234.015,2.898,187522,2.762,0.008,131.8
United Kingdom,2020-09-03,342708,1779,1457,41616,14,7.429,5048.287,26.206,21.462,613.028,0.206,0.109,76,1.12,813,11.976,,,,,198603,16085952,236.955,2.926,187181,2.757,0.008,128.5
United Kingdom,2020-09-04,344686,1978,1554.286,41626,10,7.571,5077.424,29.137,22.896,613.175,0.147,0.112,69,1.016,814,11.991,,,,,202893,16288845,239.944,2.989,189075,2.785,0.008,121.6
United Kingdom,2020-09-05,346513,1827,1656.714,41638,12,7.571,5104.336,26.913,24.404,613.352,0.177,0.112,65,0.957,808,11.902,,,,,189054,16477899,242.729,2.785,190364,2.804,0.009,114.9
United Kingdom,2020-09-06,349500,2987,1833.143,41640,2,7.714,5148.337,44,27.003,613.381,0.029,0.114,69,1.016,814,11.991,,,934,13.758,192892,16670772,245.57,2.841,192055,2.829,0.01,104.8
United Kingdom,2020-09-07,352451,2951,2052.571,41643,3,7.714,5191.807,43.47,30.236,613.425,0.044,0.114,77,1.134,898,13.228,,,,,201965,16872752,248.545,2.975,195142,2.875,0.011,95.1
United Kingdom,2020-09-08,354932,2481,2216.714,41675,32,11.857,5228.353,36.547,32.653,613.897,0.471,0.175,80,1.178,890,13.11,,,,,202809,17076613,251.548,2.987,199807,2.943,0.011,90.1
United Kingdom,2020-09-09,357613,2681,2383.429,41683,8,11.571,5267.846,39.493,35.109,614.015,0.118,0.17,80,1.178,919,13.537,,,,,220626,17302598,254.877,3.25,202321,2.98,0.012,84.9
United Kingdom,2020-09-10,360544,2931,2548,41697,14,11.571,5311.021,43.175,37.534,614.221,0.206,0.17,78,1.149,939,13.832,,,,,233125,17544471,258.44,3.434,208360,3.069,0.012,81.8
United Kingdom,2020-09-11,364088,3544,2771.714,41703,6,11,5363.226,52.205,40.829,614.309,0.088,0.162,143,2.106,765,11.269,,,,,241650,17825744,262.583,3.56,219557,3.234,0.013,79.2
United Kingdom,2020-09-12,367592,3504,3011.286,41712,9,10.571,5414.842,51.616,44.358,614.442,0.133,0.156,86,1.267,807,11.888,,,,,228748,18054492,265.953,3.37,225228,3.318,0.013,74.8
United Kingdom,2020-09-13,370930,3338,3061.429,41717,5,11,5464.013,49.171,45.097,614.515,0.074,0.162,92,1.355,837,12.329,,,1411,20.785,225380,18279872,269.273,3.32,229871,3.386,0.013,75.1
United Kingdom,2020-09-14,373555,2625,3014.857,41726,9,11.857,5502.681,38.668,44.411,614.648,0.133,0.175,105,1.547,976,14.377,,,,,216526,18496398,272.463,3.19,231949,3.417,0.013,76.9
United Kingdom,2020-09-15,376670,3115,3105.429,41753,27,11.143,5548.566,45.886,45.745,615.046,0.398,0.164,115,1.694,1061,15.629,,,,,236827,18734356,275.968,3.489,236820,3.488,0.013,76.3
United Kingdom,2020-09-16,380677,4007,3294.857,41773,20,12.857,5607.592,59.025,48.535,615.34,0.295,0.189,124,1.827,1101,16.218,,,,,242273,18979747,279.583,3.569,239593,3.529,0.014,72.7
United Kingdom,2020-09-17,384087,3410,3363.286,41794,21,13.857,5657.823,50.231,49.543,615.65,0.309,0.204,127,1.871,1157,17.043,,,,,240202,19221203,283.139,3.538,239533,3.528,0.014,71.2
United Kingdom,2020-09-18,388416,4329,3475.429,41821,27,16.857,5721.592,63.769,51.195,616.047,0.398,0.248,138,2.033,1215,17.898,,,,,266308,19488409,287.076,3.923,237524,3.499,0.015,68.3
United Kingdom,2020-09-19,392845,4429,3607.571,41848,27,19.429,5786.833,65.242,53.142,616.445,0.398,0.286,144,2.121,1294,19.061,,,,,250954,19739363,290.772,3.697,240696,3.546,0.015,66.7
United Kingdom,2020-09-20,396744,3899,3687.714,41866,18,21.286,5844.268,57.435,54.322,616.71,0.265,0.314,165,2.431,1392,20.505,,,1880,27.693,234786,19974148,294.231,3.459,242039,3.565,0.015,65.6
United Kingdom,2020-09-21,401122,4378,3938.143,41877,11,21.571,5908.758,64.49,58.011,616.872,0.162,0.318,181,2.666,1552,22.862,,,,,206782,20180930,297.277,3.046,240647,3.545,0.016,61.1
United Kingdom,2020-09-22,406058,4936,4198.286,41914,37,23,5981.469,72.71,61.843,617.417,0.545,0.339,211,3.108,1631,24.026,,,,,234815,20391992,300.386,3.459,236805,3.488,0.018,56.4
United Kingdom,2020-09-23,412245,6187,4509.714,41951,37,25.429,6072.607,91.138,66.431,617.962,0.545,0.375,228,3.359,1725,25.41,,,,,259221,20652193,304.219,3.818,238921,3.519,0.019,53
United Kingdom,2020-09-24,418889,6644,4971.714,41991,40,28.143,6170.477,97.87,73.236,618.552,0.589,0.415,243,3.58,1841,27.119,,,,,262109,20927096,308.268,3.861,243699,3.59,0.02,49
United Kingdom,2020-09-25,425767,6878,5335.857,42025,34,29.143,6271.794,101.317,78.6,619.052,0.501,0.429,262,3.859,2015,29.682,,,,,288701,21217136,312.541,4.253,246961,3.638,0.022,46.3
United Kingdom,2020-09-26,431817,6050,5567.429,42060,35,30.286,6360.914,89.12,82.011,619.568,0.516,0.446,261,3.845,2028,29.874,,,,,255488,21472624,316.304,3.763,247609,3.647,0.022,44.5
United Kingdom,2020-09-27,437517,5700,5824.714,42077,17,30.143,6444.878,83.964,85.801,619.818,0.25,0.444,276,4.066,2183,32.157,,,2630,38.741,263526,21736150,320.186,3.882,251715,3.708,0.023,43.2
United Kingdom,2020-09-28,441573,4056,5778.714,42090,13,30.429,6504.625,59.747,85.124,620.01,0.191,0.448,297,4.375,2394,35.265,,,,,227038,21963666,323.537,3.344,254677,3.752,0.023,44.1
United Kingdom,2020-09-29,448729,7156,6095.857,42162,72,35.429,6610.037,105.412,89.795,621.071,1.061,0.522,314,4.625,2415,35.574,,,,,232212,22209600,327.16,3.421,259658,3.825,0.023,42.6
United Kingdom,2020-09-30,455846,7117,6228.714,42233,71,40.286,6714.875,104.838,91.753,622.116,1.046,0.593,333,4.905,2525,37.195,,,,,255915,22468246,330.97,3.77,259436,3.822,0.024,41.7
United Kingdom,2020-10-01,462775,6929,6269.429,42292,59,43,6816.943,102.068,92.352,622.986,0.869,0.633,341,5.023,2584,38.064,,,,,264979,22738421,334.95,3.903,258761,3.812,0.024,41.3
United Kingdom,2020-10-02,469769,6994,6286,42358,66,47.571,6919.968,103.026,92.596,623.958,0.972,0.701,369,5.436,2714,39.979,,,,,269820,23008415,338.927,3.975,255897,3.77,0.025,40.7
United Kingdom,2020-10-03,482654,12885,7262.429,42407,49,49.571,7109.772,189.803,106.98,624.68,0.722,0.73,369,5.436,2860,42.129,,,,,286802,23295217,343.152,4.225,260370,3.835,0.028,35.9
United Kingdom,2020-10-04,505619,22965,9728.857,42440,33,51.857,7448.06,338.288,143.312,625.166,0.486,0.764,369,5.436,3049,44.914,,,3539,52.132,250348,23545565,346.84,3.688,258488,3.808,0.038,26.6
United Kingdom,2020-10-05,518222,12603,10949.857,42459,19,52.714,7633.709,185.649,161.298,625.446,0.28,0.777,393,5.789,3362,49.524,,,,,273100,23818928,350.867,4.023,265037,3.904,0.041,24.2
United Kingdom,2020-10-06,532779,14557,12007.143,42535,76,53.286,7848.142,214.433,176.872,626.565,1.12,0.785,410,6.04,3634,53.531,,,,,261336,24081522,354.735,3.85,267417,3.939,0.045,22.3
United Kingdom,2020-10-07,546952,14173,13015.143,42605,70,53.143,8056.918,208.776,191.721,627.596,1.031,0.783,442,6.511,3885,57.228,,,,,254579,24337590,358.507,3.75,267049,3.934,0.049,20.5
United Kingdom,2020-10-08,564502,17550,14532.429,42682,77,55.714,8315.44,258.522,214.071,628.73,1.134,0.821,436,6.423,4075,60.027,,,,,285015,24640915,362.975,4.198,271785,4.004,0.053,18.7
United Kingdom,2020-10-09,578390,13888,15517.286,42769,87,58.714,8520.018,204.578,228.579,630.012,1.282,0.865,440,6.481,4162,61.309,,,,,296559,24937474,367.343,4.368,275580,4.059,0.056,17.8
United Kingdom,2020-10-10,593565,15175,15844.429,42850,81,63.286,8743.555,223.537,233.398,631.205,1.193,0.932,470,6.923,4349,64.063,,,,,279606,25217079,371.462,4.119,274552,4.044,0.058,17.3
United Kingdom,2020-10-11,606447,12882,14404,42915,65,67.857,8933.314,189.759,212.179,632.163,0.957,1,477,7.026,4661,68.659,,,4978,73.329,258955,25476034,375.277,3.815,275781,4.062,0.052,19.1
United Kingdom,2020-10-12,620458,14011,14605.143,42965,50,72.286,9139.704,206.39,215.142,632.899,0.737,1.065,507,7.468,4952,72.946,,,,,219074,25697164,378.534,3.227,268319,3.952,0.054,18.4
United Kingdom,2020-10-13,637708,17250,14989.857,43108,143,81.857,9393.807,254.102,220.809,635.006,2.106,1.206,516,7.601,5286,77.866,,,,,264713,25999507,382.988,3.899,273998,4.036,0.055,18.3
United Kingdom,2020-10-14,657459,19751,15786.714,43245,137,91.429,9684.75,290.944,232.547,637.024,2.018,1.347,563,8.293,5590,82.344,,,,,295690,26301012,387.429,4.356,280489,4.132,0.056,17.8
United Kingdom,2020-10-15,676455,18996,15993.286,43383,138,100.143,9964.572,279.822,235.59,639.057,2.033,1.475,581,8.558,5925,87.279,,,,,304315,26605703,391.917,4.483,280684,4.135,0.057,17.6
United Kingdom,2020-10-16,692112,15657,16246,43519,136,107.143,10195.209,230.637,239.313,641.06,2.003,1.578,592,8.721,6288,92.626,,,,,312178,26917855,396.516,4.599,282912,4.167,0.057,17.4
United Kingdom,2020-10-17,708298,16186,16390.429,43669,150,117,10433.638,238.429,241.44,643.27,2.21,1.723,614,9.045,6538,96.309,,,,,308416,27226271,401.059,4.543,287027,4.228,0.057,17.5
United Kingdom,2020-10-18,725292,16994,16977.857,43736,67,117.286,10683.97,250.331,250.094,644.257,0.987,1.728,630,9.28,6822,100.492,,,6942,102.26,306893,27533164,405.579,4.521,293876,4.329,0.058,17.3
United Kingdom,2020-10-19,744122,18830,17666.286,43816,80,121.571,10961.346,277.377,260.235,645.435,1.178,1.791,658,9.693,7325,107.901,,,,,260338,27795752,409.447,3.835,299798,4.416,0.059,17
United Kingdom,2020-10-20,765487,21365,18254.143,44057,241,135.571,11276.065,314.719,268.894,648.985,3.55,1.997,698,10.282,7844,115.547,,,,,279996,28078061,413.606,4.125,296936,4.374,0.061,16.3
United Kingdom,2020-10-21,792194,26707,19247.857,44248,191,143.286,11669.475,393.41,283.532,651.799,2.814,2.111,712,10.488,8124,119.671,,,,,310331,28399160,418.336,4.571,299735,4.415,0.064,15.6
United Kingdom,2020-10-22,813451,21257,19570.857,44437,189,150.571,11982.602,313.128,288.29,654.583,2.784,2.218,708,10.429,8302,122.293,,,,,340137,28744122,423.417,5.01,305488,4.5,0.064,15.6
United Kingdom,2020-10-23,834010,20559,20271.143,44661,224,163.143,12285.448,302.846,298.606,657.882,3.3,2.403,744,10.96,8878,130.778,,,,,346682,29090966,428.527,5.107,310444,4.573,0.065,15.3
United Kingdom,2020-10-24,857043,23033,21249.286,44835,174,166.571,12624.738,339.289,313.014,660.445,2.563,2.454,788,11.608,9251,136.273,,,,,317896,29408862,433.21,4.683,311799,4.593,0.068,14.7
United Kingdom,2020-10-25,876840,19797,21649.714,44986,151,178.571,12916.359,291.621,318.913,662.67,2.224,2.63,828,12.197,9776,144.006,,,8764,129.099,321114,29729976,437.94,4.73,313830,4.623,0.069,14.5
United Kingdom,2020-10-26,897740,20900,21945.429,45088,102,181.714,13224.228,307.869,323.269,664.172,1.503,2.677,853,12.565,10098,148.749,,,,,261861,29994334,441.834,3.857,314083,4.627,0.07,14.3
United Kingdom,2020-10-27,920664,22924,22168.143,45455,367,199.714,13561.912,337.684,326.55,669.578,5.406,2.942,903,13.302,10926,160.946,,,,,280997,30282279,446.075,4.139,314888,4.638,0.07,14.2
United Kingdom,2020-10-28,945378,24714,21883.429,45765,310,216.714,13925.963,364.051,322.356,674.145,4.566,3.192,957,14.097,11423,168.267,,,,,308810,30591229,450.626,4.549,313153,4.613,0.07,14.3
United Kingdom,2020-10-29,968456,23078,22143.571,46045,280,229.714,14265.916,339.952,326.188,678.269,4.125,3.384,974,14.348,11570,170.433,,,,,347632,30941157,455.781,5.121,313862,4.623,0.071,14.2
United Kingdom,2020-10-30,992874,24418,22694.857,46319,274,236.857,14625.607,359.691,334.308,682.306,4.036,3.489,979,14.421,11775,173.453,,,,,305207,31249759,460.327,4.496,308399,4.543,0.074,13.6
United Kingdom,2020-10-31,1014793,21919,22535.714,46645,326,258.571,14948.486,322.88,331.964,687.108,4.802,3.809,1003,14.775,12292,181.068,,,,,292573,31544773,464.673,4.31,305130,4.495,0.074,13.5
United Kingdom,2020-11-01,1038054,23261,23030.571,46807,162,260.143,15291.134,342.648,339.254,689.494,2.386,3.832,979,14.421,12206,179.801,,,10395,153.124,270473,31817159,468.685,3.984,298169,4.392,0.077,12.9
United Kingdom,2020-11-02,1057021,18967,22754.429,46943,136,265,15570.529,279.395,335.186,691.497,2.003,3.904,1075,15.835,13091,192.838,,,,,207831,32038760,471.949,3.061,292061,4.302,0.078,12.8
United Kingdom,2020-11-03,1077099,20078,22347.857,47340,397,269.286,15866.29,295.761,329.197,697.346,5.848,3.967,1144,16.852,13735,202.324,,,,,265136,32309598,475.939,3.906,289617,4.266,0.077,13
United Kingdom,2020-11-04,1102305,25206,22418.143,47832,492,295.286,16237.589,371.299,330.232,704.593,7.247,4.35,1193,17.574,13804,203.341,,,,,301288,32622996,480.556,4.438,290252,4.276,0.077,12.9
United Kingdom,2020-11-05,1126469,24164,22573.286,48210,378,309.286,16593.538,355.95,332.518,710.161,5.568,4.556,1183,17.426,13782,203.017,,,,,344159,32970741,485.678,5.07,289941,4.271,0.078,12.8
United Kingdom,2020-11-06,1149791,23322,22416.714,48565,355,320.857,16937.085,343.547,330.211,715.39,5.229,4.726,1187,17.485,13942,205.374,,,,,355032,33325865,490.909,5.23,296587,4.369,0.076,13.2
United Kingdom,2020-11-07,1174770,24979,22853.857,48978,413,333.286,17305.04,367.955,336.65,721.474,6.084,4.909,1207,17.78,14298,210.618,,,,,329430,33655295,495.762,4.853,301503,4.441,0.076,13.2
United Kingdom,2020-11-08,1195350,20580,22470.857,49134,156,332.429,17608.195,303.155,331.009,723.772,2.298,4.897,1232,18.148,14529,214.021,,,10984,161.801,283397,33941724,499.981,4.175,303509,4.471,0.074,13.5
United Kingdom,2020-11-09,1216747,21397,22818,49329,195,340.857,17923.385,315.19,336.122,726.645,2.872,5.021,1271,18.723,15122,222.756,,,,,243245,34185815,503.577,3.583,306722,4.518,0.074,13.4
United Kingdom,2020-11-10,1237198,20451,22871.286,49861,532,360.143,18224.64,301.255,336.907,734.481,7.837,5.305,1219,17.957,14944,220.134,,,,,304843,34490306,508.062,4.491,311530,4.589,0.073,13.6
United Kingdom,2020-11-11,1260198,23000,22556.143,50457,596,375,18563.444,338.803,332.265,743.261,8.779,5.524,1268,18.678,15645,230.46,,,,,377608,34871387,513.676,5.562,321199,4.731,0.07,14.2
United Kingdom,2020-11-12,1293715,33517,23892.286,51020,563,401.429,19057.168,493.725,351.947,751.554,8.293,5.913,1275,18.781,15855,233.553,,,,,379955,35252165,519.285,5.597,325918,4.801,0.073,13.6
United Kingdom,2020-11-13,1321031,27316,24462.857,51396,376,404.429,19459.549,402.38,360.352,757.093,5.539,5.957,1355,19.96,16210,238.783,,,,,382110,35634389,524.915,5.629,329789,4.858,0.074,13.5
United Kingdom,2020-11-14,1347907,26876,24733.857,51858,462,411.429,19855.448,395.899,364.344,763.898,6.806,6.061,1365,20.107,16277,239.77,,,,,343784,35978280,529.981,5.064,331855,4.888,0.075,13.4
United Kingdom,2020-11-15,1372884,24977,25362,52026,168,413.143,20223.373,367.926,373.597,766.373,2.475,6.086,1397,20.579,16841,248.078,,,12399,182.644,283866,36260720,534.141,4.182,331285,4.88,0.077,13.1
United Kingdom,2020-11-16,1394299,21415,25364.571,52240,214,415.857,20538.829,315.455,373.635,769.525,3.152,6.126,1391,20.49,17291,254.706,,,,,234189,36513502,537.865,3.45,332527,4.898,0.076,13.1
United Kingdom,2020-11-17,1414359,20060,25308.714,52839,599,425.429,20834.324,295.495,372.812,778.349,8.824,6.267,1420,20.917,17415,256.533,,,,,283358,36797786,542.053,4.174,329640,4.856,0.077,13
United Kingdom,2020-11-18,1434004,19645,24829.429,53368,529,415.857,21123.706,289.382,365.752,786.141,7.792,6.126,1430,21.065,17463,257.24,,,,,364490,37172632,547.574,5.369,328749,4.843,0.076,13.2
United Kingdom,2020-11-19,1456940,22936,23317.857,53870,502,407.143,21461.567,337.861,343.485,793.536,7.395,5.997,1426,21.006,17436,256.842,,,,,395436,37575856,553.514,5.825,331956,4.89,0.07,14.2
United Kingdom,2020-11-20,1477214,20274,22311.857,54381,511,426.429,21760.214,298.648,328.667,801.064,7.527,6.282,1421,20.932,17156,252.718,,,,,391667,37967604,559.285,5.769,333316,4.91,0.067,14.9
United Kingdom,2020-11-21,1497135,19921,21318.286,54721,340,409,22053.662,293.448,314.031,806.072,5.008,6.025,1447,21.315,17035,250.935,,,,,369040,38336683,564.721,5.436,336915,4.963,0.063,15.8
United Kingdom,2020-11-22,1515802,18667,20416.857,55120,399,442,22328.638,274.976,300.752,811.949,5.878,6.511,1454,21.418,17235,253.881,,,11414,168.135,279041,38620055,568.896,4.11,337048,4.965,0.061,16.5
United Kingdom,2020-11-23,1531267,15465,19566.857,55327,207,441,22556.446,227.808,288.231,814.999,3.049,6.496,1487,21.904,17650,259.995,,,,,212533,38834497,572.055,3.131,331571,4.884,0.059,16.9
United Kingdom,2020-11-24,1542611,11344,18321.714,55935,608,442.286,22723.55,167.104,269.889,823.955,8.956,6.515,1489,21.934,17394,256.224,,,,,311763,39149830,576.7,4.592,336006,4.95,0.055,18.3
United Kingdom,2020-11-25,1560872,18261,18124,56630,695,466,22992.545,268.995,266.977,834.193,10.238,6.864,1480,21.801,17104,251.952,,,,,356026,39504682,581.927,5.244,333150,4.907,0.054,18.4
United Kingdom,2020-11-26,1578429,17557,17355.571,57128,498,465.429,23251.17,258.625,255.658,841.528,7.336,6.856,1456,21.448,16731,246.457,,,,,383521,39888901,587.587,5.649,330435,4.867,0.053,19
United Kingdom,2020-11-27,1593250,14821,16576.571,57648,520,466.714,23469.492,218.322,244.182,849.188,7.66,6.875,1417,20.873,16536,243.585,,,,,333917,40223088,592.509,4.919,322212,4.746,0.051,19.4
United Kingdom,2020-11-28,1609141,15891,16000.857,58127,479,486.571,23703.575,234.084,235.702,856.244,7.056,7.167,1378,20.299,15952,234.982,,,,,311126,40534403,597.095,4.583,313960,4.625,0.051,19.6
United Kingdom,2020-11-29,1621305,12164,15071.857,58342,215,460.286,23882.758,179.183,222.017,859.411,3.167,6.78,1388,20.446,16277,239.77,,,9963,146.761,219899,40756444,600.366,3.239,305198,4.496,0.049,20.2
United Kingdom,2020-11-30,1633733,12428,14638,58545,203,459.714,24065.83,183.072,215.626,862.402,2.99,6.772,1357,19.989,16527,243.452,,,,,214835,40989701,603.802,3.165,307886,4.535,0.048,21
United Kingdom,2020-12-01,1647230,13497,14945.571,59148,603,459,24264.648,198.819,220.157,871.284,8.883,6.761,1351,19.901,16274,239.725,,,,,312003,41307854,608.489,4.596,308289,4.541,0.048,20.6
United Kingdom,2020-12-02,1663467,16237,14656.429,59796,648,452.286,24503.829,239.18,215.898,880.83,9.545,6.662,1315,19.371,15939,234.791,,,,,352990,41660895,613.689,5.2,308030,4.537,0.048,21
United Kingdom,2020-12-03,1678418,14951,14284.143,60210,414,440.286,24724.065,220.237,210.414,886.928,6.098,6.486,1261,18.575,15619,230.077,,,,,389476,42052539,619.458,5.737,309091,4.553,0.046,21.6
United Kingdom,2020-12-04,1694800,16382,14507.143,60714,504,438,24965.382,241.316,213.699,894.352,7.424,6.452,1274,18.767,15688,231.093,,,,,380886,42433500,625.07,5.611,315773,4.652,0.046,21.8
United Kingdom,2020-12-05,1710379,15579,14462.571,61111,397,426.286,25194.869,229.488,213.042,900.2,5.848,6.279,1247,18.369,15647,230.489,,,,,354799,42788342,630.297,5.226,321991,4.743,0.045,22.3
United Kingdom,2020-12-06,1727751,17372,15206.571,61342,231,428.571,25450.769,255.9,224.002,903.603,3.403,6.313,1249,18.398,15919,234.496,,,10103,148.823,272787,43061173,634.316,4.018,329247,4.85,0.046,21.7
United Kingdom,2020-12-07,1742525,14774,15541.714,61531,189,426.571,25668.398,217.63,228.938,906.387,2.784,6.284,1271,18.723,16369,241.125,,,,,215981,43279583,637.533,3.182,327126,4.819,0.048,21
United Kingdom,2020-12-08,1754911,12386,15383,62130,599,426,25850.851,182.453,226.6,915.211,8.824,6.275,1272,18.737,16428,241.994,,,,,294966,43574642,641.88,4.345,323827,4.77,0.048,21.1
United Kingdom,2020-12-09,1771545,16634,15439.714,62663,533,409.571,26095.88,245.028,227.436,923.062,7.851,6.033,1243,18.31,16281,239.829,,,,,369586,43957226,647.515,5.444,328047,4.832,0.047,21.2
United Kingdom,2020-12-10,1792611,21066,16313.286,63179,516,424.143,26406.194,310.314,240.304,930.663,7.601,6.248,1267,18.664,16670,245.559,,,,,400646,44357906,653.418,5.902,329338,4.851,0.05,20.2
United Kingdom,2020-12-11,1814395,21784,17085,63603,424,412.714,26727.085,320.891,251.672,936.909,6.246,6.08,1275,18.781,16829,247.901,,,,,391531,44749538,659.187,5.767,330863,4.874,0.052,19.4
United Kingdom,2020-12-12,1835949,21554,17938.571,64123,520,430.286,27044.588,317.503,264.246,944.569,7.66,6.338,1243,18.31,16849,248.195,,,,,358491,45108048,664.468,5.281,331387,4.882,0.054,18.5
United Kingdom,2020-12-13,1854490,18541,18105.571,64267,144,417.857,27317.707,273.12,266.706,946.69,2.121,6.155,1281,18.87,17477,257.446,,,12094,178.152,312273,45420339,669.068,4.6,337024,4.965,0.054,18.6
United Kingdom,2020-12-14,1874867,20377,18906,64500,233,424.143,27617.872,300.165,278.496,950.122,3.432,6.248,1288,18.973,18185,267.876,,,,,275772,45696137,673.13,4.062,345222,5.085,0.055,18.3
United Kingdom,2020-12-15,1893436,18569,19789.286,65006,506,410.857,27891.405,273.532,291.508,957.576,7.454,6.052,1326,19.533,18149,267.345,,,,,304360,46009318,677.744,4.483,347811,5.123,0.057,17.6
United Kingdom,2020-12-16,1918736,25300,21027.286,65618,612,422.143,28264.088,372.684,309.744,966.591,9.015,6.218,1340,19.739,18601,274.003,,,,,364388,46373777,683.112,5.368,345222,5.085,0.061,16.4
United Kingdom,2020-12-17,1954268,35532,23093.857,66150,532,424.429,28787.495,523.407,340.186,974.428,7.837,6.252,1366,20.122,18893,278.305,,,,,375185,46771368,688.969,5.527,344780,5.079,0.067,14.9
United Kingdom,2020-12-18,1982828,28560,24061.857,66640,490,433.857,29208.2,420.705,354.445,981.646,7.218,6.391,1364,20.093,19034,280.382,,,,,390130,47162512,694.731,5.747,344711,5.078,0.07,14.3
United Kingdom,2020-12-19,2010077,27249,24875.429,67177,537,436.286,29609.594,401.393,366.429,989.556,7.91,6.427,1412,20.8,19379,285.464,,,,,440584,47603238,701.223,6.49,356456,5.251,0.07,14.3
United Kingdom,2020-12-20,2046161,36084,27381.571,67503,326,462.286,30141.132,531.538,403.346,994.358,4.802,6.81,1442,21.241,19914,293.345,,,14126,208.084,433470,48036807,707.61,6.385,373781,5.506,0.073,13.7
United Kingdom,2020-12-21,2079678,33517,29258.714,67718,215,459.714,30634.857,493.725,430.998,997.525,3.167,6.772,1512,22.273,21037,309.887,,,,,423675,48469931,713.99,6.241,396256,5.837,0.074,13.5
United Kingdom,2020-12-22,2116609,36931,31881.857,68409,691,486.143,31178.872,544.015,469.638,1007.704,10.179,7.161,1529,22.523,21387,315.043,,,,,453903,48926548,720.716,6.686,416747,6.139,0.077,13.1
United Kingdom,2020-12-23,2155996,39387,33894.286,69157,748,505.571,31759.065,580.193,499.282,1018.723,11.018,7.447,1554,22.891,21116,311.051,,,,,509507,49436437,728.227,7.505,437523,6.445,0.077,12.9
United Kingdom,2020-12-24,2195144,39148,34410.857,69732,575,511.714,32335.737,576.673,506.892,1027.193,8.47,7.538,1607,23.672,21463,316.162,,,,,463123,49899989,735.056,6.822,446946,6.584,0.077,13
United Kingdom,2020-12-25,2227947,32803,35017,70302,570,523.143,32818.945,483.207,515.821,1035.589,8.396,7.706,1616,23.805,20797,306.352,,,,,339024,50239228,740.053,4.994,439531,6.475,0.08,12.6
United Kingdom,2020-12-26,2262735,34788,36094,70513,211,476.571,33331.392,512.447,531.685,1038.697,3.108,7.02,1682,24.777,21592,318.063,,,,,269876,50509650,744.036,3.975,415202,6.116,0.087,11.5
United Kingdom,2020-12-27,2295228,32493,35581,70860,347,479.571,33810.032,478.641,524.129,1043.809,5.112,7.064,1751,25.793,22614,333.117,,,16504,243.113,352702,50931123,750.245,5.196,413474,6.091,0.086,11.6
United Kingdom,2020-12-28,2336688,41460,36715.714,71217,357,499.857,34420.762,610.73,540.844,1049.067,5.259,7.363,1847,27.207,23902,352.09,,,,,357238,51289157,755.519,5.262,402747,5.933,0.091,11
United Kingdom,2020-12-29,2389963,53275,39050.571,71675,458,466.571,35205.534,784.771,575.237,1055.814,6.747,6.873,1939,28.563,25386,373.95,,,,,344775,51635380,760.619,5.079,386976,5.7,0.101,9.9
United Kingdom,2020-12-30,2440202,50239,40600.857,72657,982,500,35945.583,740.049,598.074,1070.28,14.465,7.365,2066,30.433,26368,388.416,,,,,420492,52058247,766.848,6.194,374544,5.517,0.108,9.2
United Kingdom,2020-12-31,2496231,56029,43012.429,73622,965,555.714,36770.923,825.339,633.598,1084.495,14.215,8.186,2122,31.258,26372,388.475,,,,,482473,52560089,774.24,7.107,380014,5.598,0.113,8.8
United Kingdom,2021-01-01,2549689,53458,45963.143,74237,615,562.143,37558.39,787.467,677.064,1093.554,9.059,8.281,2162,31.848,26164,385.411,,,,,422804,52983845,780.483,6.228,392088,5.776,0.117,8.5
United Kingdom,2021-01-02,2607542,57853,49258.143,74682,445,595.571,38410.598,852.208,725.601,1100.109,6.555,8.773,2256,33.232,27324,402.498,,,,,411523,53396177,786.556,6.062,412361,6.074,0.119,8.4
United Kingdom,2021-01-03,2662699,55157,52495.857,75137,455,611,39223.092,812.494,773.294,1106.811,6.702,9,2420,35.648,28778,423.917,,,22608,333.029,428770,53825846,792.886,6.316,413532,6.092,0.127,7.9
United Kingdom,2021-01-04,2721622,58923,54990.571,75547,410,618.571,40091.062,867.97,810.043,1112.851,6.04,9.112,2560,37.71,30507,449.386,,,,,464611,54302701,799.91,6.844,430506,6.342,0.128,7.8
United Kingdom,2021-01-05,2782709,61087,56106.571,76428,881,679,40990.909,899.847,826.482,1125.829,12.978,10.002,2645,38.962,30370,447.368,,,,,498624,54808079,807.355,7.345,453243,6.677,0.124,8.1
United Kingdom,2021-01-06,2845265,62556,57866.143,77470,1042,687.571,41912.395,921.486,852.402,1141.178,15.349,10.128,2821,41.555,,,,,,,557441,55378721,815.761,8.211,474353,6.987,0.122,8.2
United Kingdom,2021-01-07,2898052,52787,57403,78632,1162,715.714,42689.978,777.583,845.579,1158.295,17.117,10.543,,,,,,,,,619941,56003851,824.969,9.132,491966,7.247,0.117,8.6
United Kingdom,2021-01-08,2966244,68192,59507.857,79965,1333,818.286,43694.485,1004.507,876.585,1177.931,19.636,12.054,,,,,,,,,,,,,,,,
United Kingdom,2021-01-09,3026342,60098,59828.571,81000,1035,902.571,44579.763,885.278,881.309,1193.177,15.246,13.295,,,,,,,,,,,,,,,,
United Kingdom,2021-01-10,3081368,55026,59809.857,81567,567,918.571,45390.328,810.565,881.034,1201.529,8.352,13.531,,,,,,,,,,,,,,,,
