iso_code,continent,location,date,total_cases,new_cases,new_cases_smoothed,total_deaths,new_deaths,new_deaths_smoothed,total_cases_per_million,new_cases_per_million,new_cases_smoothed_per_million,total_deaths_per_million,new_deaths_per_million,new_deaths_smoothed_per_million,reproduction_rate,icu_patients,icu_patients_per_million,hosp_patients,hosp_patients_per_million,weekly_icu_admissions,weekly_icu_admissions_per_million,weekly_hosp_admissions,weekly_hosp_admissions_per_million,new_tests,total_tests,total_tests_per_thousand,new_tests_per_thousand,new_tests_smoothed,new_tests_smoothed_per_thousand,positive_rate,tests_per_case,tests_units,total_vaccinations,new_vaccinations,total_vaccinations_per_hundred,new_vaccinations_per_million,stringency_index,population,population_density,median_age,aged_65_older,aged_70_older,gdp_per_capita,extreme_poverty,cardiovasc_death_rate,diabetes_prevalence,female_smokers,male_smokers,handwashing_facilities,hospital_beds_per_thousand,life_expectancy,human_development_index
CHN,Asia,China,23/01/2020,643,95,,18,1,,0.447,0.066,,0.013,0.001,,3.13,,,,,,,,,,,,,,,,,,,,,,44.91,1439323774,147.674,38.7,10.641,5.929,15308.712,0.7,261.899,9.74,1.9,48.4,,4.34,76.91,0.752
CHN,Asia,China,24/01/2020,920,277,,26,8,,0.639,0.192,,0.018,0.006,,3.23,,,,,,,,,,,,,,,,,,,,,,44.91,1439323774,147.674,38.7,10.641,5.929,15308.712,0.7,261.899,9.74,1.9,48.4,,4.34,76.91,0.752
CHN,Asia,China,25/01/2020,1406,486,,42,16,,0.977,0.338,,0.029,0.011,,3.33,,,,,,,,,,,,,,,,,,,,,,47.69,1439323774,147.674,38.7,10.641,5.929,15308.712,0.7,261.899,9.74,1.9,48.4,,4.34,76.91,0.752
CHN,Asia,China,26/01/2020,2075,669,,56,14,,1.442,0.465,,0.039,0.01,,3.36,,,,,,,,,,,,,,,,,,,,,,69.91,1439323774,147.674,38.7,10.641,5.929,15308.712,0.7,261.899,9.74,1.9,48.4,,4.34,76.91,0.752
CHN,Asia,China,27/01/2020,2877,802,,82,26,,1.999,0.557,,0.057,0.018,,3.36,,,,,,,,,,,,,,,,,,,,,,69.91,1439323774,147.674,38.7,10.641,5.929,15308.712,0.7,261.899,9.74,1.9,48.4,,4.34,76.91,0.752
CHN,Asia,China,28/01/2020,5509,2632,708.714,131,49,16.286,3.827,1.829,0.492,0.091,0.034,0.011,3.36,,,,,,,,,,,,,,,,,,,,,,69.91,1439323774,147.674,38.7,10.641,5.929,15308.712,0.7,261.899,9.74,1.9,48.4,,4.34,76.91,0.752
CHN,Asia,China,29/01/2020,6087,578,791.286,133,2,16.571,4.229,0.402,0.55,0.092,0.001,0.012,3.08,,,,,,,,,,,,,,,,,,,,,,69.91,1439323774,147.674,38.7,10.641,5.929,15308.712,0.7,261.899,9.74,1.9,48.4,,4.34,76.91,0.752
CHN,Asia,China,30/01/2020,8141,2054,1071.143,171,38,21.857,5.656,1.427,0.744,0.119,0.026,0.015,2.93,,,,,,,,,,,,,,,,,,,,,,69.91,1439323774,147.674,38.7,10.641,5.929,15308.712,0.7,261.899,9.74,1.9,48.4,,4.34,76.91,0.752
CHN,Asia,China,31/01/2020,9802,1661,1268.857,213,42,26.714,6.81,1.154,0.882,0.148,0.029,0.019,2.76,,,,,,,,,,,,,,,,,,,,,,69.91,1439323774,147.674,38.7,10.641,5.929,15308.712,0.7,261.899,9.74,1.9,48.4,,4.34,76.91,0.752
CHN,Asia,China,01/02/2020,11891,2089,1497.857,259,46,31,8.262,1.451,1.041,0.18,0.032,0.022,2.63,,,,,,,,,,,,,,,,,,,,,,77.31,1439323774,147.674,38.7,10.641,5.929,15308.712,0.7,261.899,9.74,1.9,48.4,,4.34,76.91,0.752
CHN,Asia,China,02/02/2020,16630,4739,2079.286,361,102,43.571,11.554,3.293,1.445,0.251,0.071,0.03,2.53,,,,,,,,,,,,,,,,,,,,,,77.31,1439323774,147.674,38.7,10.641,5.929,15308.712,0.7,261.899,9.74,1.9,48.4,,4.34,76.91,0.752
CHN,Asia,China,03/02/2020,19716,3086,2405.571,425,64,49,13.698,2.144,1.671,0.295,0.044,0.034,2.34,,,,,,,,,,,,,,,,,,,,,,77.31,1439323774,147.674,38.7,10.641,5.929,15308.712,0.7,261.899,9.74,1.9,48.4,,4.34,76.91,0.752
CHN,Asia,China,04/02/2020,23707,3991,2599.714,491,66,51.429,16.471,2.773,1.806,0.341,0.046,0.036,2.17,,,,,,,,,,,,,,,,,,,,,,77.31,1439323774,147.674,38.7,10.641,5.929,15308.712,0.7,261.899,9.74,1.9,48.4,,4.34,76.91,0.752
CHN,Asia,China,05/02/2020,27440,3733,3050.429,563,72,61.429,19.065,2.594,2.119,0.391,0.05,0.043,2.01,,,,,,,,,,,,,,,,,,,,,,77.31,1439323774,147.674,38.7,10.641,5.929,15308.712,0.7,261.899,9.74,1.9,48.4,,4.34,76.91,0.752
CHN,Asia,China,06/02/2020,30587,3147,3206.571,633,70,66,21.251,2.186,2.228,0.44,0.049,0.046,1.85,,,,,,,,,,,,,,,,,,,,,,77.31,1439323774,147.674,38.7,10.641,5.929,15308.712,0.7,261.899,9.74,1.9,48.4,,4.34,76.91,0.752
CHN,Asia,China,07/02/2020,34110,3523,3472.571,718,85,72.143,23.699,2.448,2.413,0.499,0.059,0.05,1.73,,,,,,,,,,,,,,,,,,,,,,77.31,1439323774,147.674,38.7,10.641,5.929,15308.712,0.7,261.899,9.74,1.9,48.4,,4.34,76.91,0.752
CHN,Asia,China,08/02/2020,36814,2704,3560.429,805,87,78,25.577,1.879,2.474,0.559,0.06,0.054,1.62,,,,,,,,,,,,,,,,,,,,,,77.31,1439323774,147.674,38.7,10.641,5.929,15308.712,0.7,261.899,9.74,1.9,48.4,,4.34,76.91,0.752
CHN,Asia,China,09/02/2020,39829,3015,3314.143,905,100,77.714,27.672,2.095,2.303,0.629,0.069,0.054,1.55,,,,,,,,,,,,,,,,,,,,,,77.31,1439323774,147.674,38.7,10.641,5.929,15308.712,0.7,261.899,9.74,1.9,48.4,,4.34,76.91,0.752
CHN,Asia,China,10/02/2020,42354,2525,3234,1012,107,83.857,29.426,1.754,2.247,0.703,0.074,0.058,1.49,,,,,,,,,,,,,,,,,,,,,,75.46,1439323774,147.674,38.7,10.641,5.929,15308.712,0.7,261.899,9.74,1.9,48.4,,4.34,76.91,0.752
CHN,Asia,China,11/02/2020,44386,2032,2954.143,1112,100,88.714,30.838,1.412,2.052,0.773,0.069,0.062,1.47,,,,,,,,,,,,,,,,,,,,,,75.46,1439323774,147.674,38.7,10.641,5.929,15308.712,0.7,261.899,9.74,1.9,48.4,,4.34,76.91,0.752
CHN,Asia,China,12/02/2020,44759,373,2474.143,1117,5,79.143,31.097,0.259,1.719,0.776,0.003,0.055,1.48,,,,,,,,,,,,,,,,,,,,,,75.46,1439323774,147.674,38.7,10.641,5.929,15308.712,0.7,261.899,9.74,1.9,48.4,,4.34,76.91,0.752
CHN,Asia,China,13/02/2020,59895,15136,4186.857,1369,252,105.143,41.613,10.516,2.909,0.951,0.175,0.073,1.57,,,,,,,,,,,,,,,,,,,,,,75.46,1439323774,147.674,38.7,10.641,5.929,15308.712,0.7,261.899,9.74,1.9,48.4,,4.34,76.91,0.752
CHN,Asia,China,14/02/2020,66358,6463,4606.857,1521,152,114.714,46.104,4.49,3.201,1.057,0.106,0.08,1.37,,,,,,,,,,,,,,,,,,,,,,75.46,1439323774,147.674,38.7,10.641,5.929,15308.712,0.7,261.899,9.74,1.9,48.4,,4.34,76.91,0.752
CHN,Asia,China,15/02/2020,68413,2055,4514.143,1663,142,122.571,47.531,1.428,3.136,1.155,0.099,0.085,1.17,,,,,,,,,,,,,,,,,,,,,,75.46,1439323774,147.674,38.7,10.641,5.929,15308.712,0.7,261.899,9.74,1.9,48.4,,4.34,76.91,0.752
CHN,Asia,China,16/02/2020,70513,2100,4383.429,1766,103,123,48.99,1.459,3.045,1.227,0.072,0.085,1.01,,,,,,,,,,,,,,,,,,,,,,75.46,1439323774,147.674,38.7,10.641,5.929,15308.712,0.7,261.899,9.74,1.9,48.4,,4.34,76.91,0.752
CHN,Asia,China,17/02/2020,72434,1921,4297.143,1864,98,121.714,50.325,1.335,2.986,1.295,0.068,0.085,0.87,,,,,,,,,,,,,,,,,,,,,,75.46,1439323774,147.674,38.7,10.641,5.929,15308.712,0.7,261.899,9.74,1.9,48.4,,4.34,76.91,0.752
CHN,Asia,China,18/02/2020,74211,1777,4260.714,2003,139,127.286,51.56,1.235,2.96,1.392,0.097,0.088,0.75,,,,,,,,,,,,,,,,,,,,,,75.46,1439323774,147.674,38.7,10.641,5.929,15308.712,0.7,261.899,9.74,1.9,48.4,,4.34,76.91,0.752
CHN,Asia,China,19/02/2020,74619,408,4265.714,2116,113,142.714,51.843,0.283,2.964,1.47,0.079,0.099,0.65,,,,,,,,,,,,,,,,,,,,,,75.46,1439323774,147.674,38.7,10.641,5.929,15308.712,0.7,261.899,9.74,1.9,48.4,,4.34,76.91,0.752
CHN,Asia,China,20/02/2020,75077,458,2168.857,2238,122,124.143,52.161,0.318,1.507,1.555,0.085,0.086,0.57,,,,,,,,,,,,,,,,,,,,,,75.46,1439323774,147.674,38.7,10.641,5.929,15308.712,0.7,261.899,9.74,1.9,48.4,,4.34,76.91,0.752
CHN,Asia,China,21/02/2020,75550,473,1313.143,2238,0,102.429,52.49,0.329,0.912,1.555,0,0.071,0.51,,,,,,,,,,,,,,,,,,,,,,75.46,1439323774,147.674,38.7,10.641,5.929,15308.712,0.7,261.899,9.74,1.9,48.4,,4.34,76.91,0.752
CHN,Asia,China,22/02/2020,77001,1451,1226.857,2443,205,111.429,53.498,1.008,0.852,1.697,0.142,0.077,0.47,,,,,,,,,,,,,,,,,,,,,,75.46,1439323774,147.674,38.7,10.641,5.929,15308.712,0.7,261.899,9.74,1.9,48.4,,4.34,76.91,0.752
CHN,Asia,China,23/02/2020,77022,21,929.857,2445,2,97,53.513,0.015,0.646,1.699,0.001,0.067,0.42,,,,,,,,,,,,,,,,,,,,,,75.46,1439323774,147.674,38.7,10.641,5.929,15308.712,0.7,261.899,9.74,1.9,48.4,,4.34,76.91,0.752
CHN,Asia,China,24/02/2020,77241,219,686.714,2595,150,104.429,53.665,0.152,0.477,1.803,0.104,0.073,0.39,,,,,,,,,,,,,,,,,,,,,,75.46,1439323774,147.674,38.7,10.641,5.929,15308.712,0.7,261.899,9.74,1.9,48.4,,4.34,76.91,0.752
CHN,Asia,China,25/02/2020,77754,513,506.143,2665,70,94.571,54.021,0.356,0.352,1.852,0.049,0.066,0.38,,,,,,,,,,,,,,,,,,,,,,81.02,1439323774,147.674,38.7,10.641,5.929,15308.712,0.7,261.899,9.74,1.9,48.4,,4.34,76.91,0.752
CHN,Asia,China,26/02/2020,78166,412,506.714,2717,52,85.857,54.307,0.286,0.352,1.888,0.036,0.06,0.36,,,,,,,,,,,,,,,,,,,,,,81.02,1439323774,147.674,38.7,10.641,5.929,15308.712,0.7,261.899,9.74,1.9,48.4,,4.34,76.91,0.752
CHN,Asia,China,27/02/2020,78600,434,503.286,2746,29,72.571,54.609,0.302,0.35,1.908,0.02,0.05,0.35,,,,,,,,,,,,,,,,,,,,,,81.02,1439323774,147.674,38.7,10.641,5.929,15308.712,0.7,261.899,9.74,1.9,48.4,,4.34,76.91,0.752
CHN,Asia,China,28/02/2020,78928,328,482.571,2790,44,78.857,54.837,0.228,0.335,1.938,0.031,0.055,0.34,,,,,,,,,,,,,,,,,,,,,,81.02,1439323774,147.674,38.7,10.641,5.929,15308.712,0.7,261.899,9.74,1.9,48.4,,4.34,76.91,0.752
CHN,Asia,China,29/02/2020,79356,428,336.429,2837,47,56.286,55.134,0.297,0.234,1.971,0.033,0.039,0.34,,,,,,,,,,,,,,,,,,,,,,81.02,1439323774,147.674,38.7,10.641,5.929,15308.712,0.7,261.899,9.74,1.9,48.4,,4.34,76.91,0.752
CHN,Asia,China,01/03/2020,79932,576,415.714,2872,35,61,55.534,0.4,0.289,1.995,0.024,0.042,0.33,,,,,,,,,,,,,,,,,,,,,,81.02,1439323774,147.674,38.7,10.641,5.929,15308.712,0.7,261.899,9.74,1.9,48.4,,4.34,76.91,0.752
CHN,Asia,China,02/03/2020,80136,204,413.571,2914,42,45.571,55.676,0.142,0.287,2.025,0.029,0.032,0.3,,,,,,,,,,,,,,,,,,,,,,81.02,1439323774,147.674,38.7,10.641,5.929,15308.712,0.7,261.899,9.74,1.9,48.4,,4.34,76.91,0.752
CHN,Asia,China,03/03/2020,80261,125,358.143,2947,33,40.286,55.763,0.087,0.249,2.047,0.023,0.028,0.28,,,,,,,,,,,,,,,,,,,,,,81.02,1439323774,147.674,38.7,10.641,5.929,15308.712,0.7,261.899,9.74,1.9,48.4,,4.34,76.91,0.752
CHN,Asia,China,04/03/2020,80386,125,317.143,2983,36,38,55.85,0.087,0.22,2.073,0.025,0.026,0.26,,,,,,,,,,,,,,,,,,,,,,81.02,1439323774,147.674,38.7,10.641,5.929,15308.712,0.7,261.899,9.74,1.9,48.4,,4.34,76.91,0.752
CHN,Asia,China,05/03/2020,80537,151,276.714,3015,32,38.429,55.955,0.105,0.192,2.095,0.022,0.027,0.25,,,,,,,,,,,,,,,,,,,,,,81.02,1439323774,147.674,38.7,10.641,5.929,15308.712,0.7,261.899,9.74,1.9,48.4,,4.34,76.91,0.752
CHN,Asia,China,06/03/2020,80690,153,251.714,3044,29,36.286,56.061,0.106,0.175,2.115,0.02,0.025,0.24,,,,,,,,,,,,,,,,,,,,,,81.02,1439323774,147.674,38.7,10.641,5.929,15308.712,0.7,261.899,9.74,1.9,48.4,,4.34,76.91,0.752
CHN,Asia,China,07/03/2020,80770,80,202,3072,28,33.571,56.117,0.056,0.14,2.134,0.019,0.023,0.23,,,,,,,,,,,,,,,,,,,,,,81.02,1439323774,147.674,38.7,10.641,5.929,15308.712,0.7,261.899,9.74,1.9,48.4,,4.34,76.91,0.752
CHN,Asia,China,08/03/2020,80823,53,127.286,3100,28,32.571,56.153,0.037,0.088,2.154,0.019,0.023,0.22,,,,,,,,,,,,,,,,,,,,,,81.02,1439323774,147.674,38.7,10.641,5.929,15308.712,0.7,261.899,9.74,1.9,48.4,,4.34,76.91,0.752
CHN,Asia,China,09/03/2020,80860,37,103.429,3123,23,29.857,56.179,0.026,0.072,2.17,0.016,0.021,0.21,,,,,,,,,,,,,,,,,,,,,,81.02,1439323774,147.674,38.7,10.641,5.929,15308.712,0.7,261.899,9.74,1.9,48.4,,4.34,76.91,0.752
CHN,Asia,China,10/03/2020,80887,27,89.429,3139,16,27.429,56.198,0.019,0.062,2.181,0.011,0.019,0.21,,,,,,,,,,,,,,,,,,,,,,81.02,1439323774,147.674,38.7,10.641,5.929,15308.712,0.7,261.899,9.74,1.9,48.4,,4.34,76.91,0.752
CHN,Asia,China,11/03/2020,80921,34,76.429,3161,22,25.429,56.222,0.024,0.053,2.196,0.015,0.018,0.22,,,,,,,,,,,,,,,,,,,,,,81.02,1439323774,147.674,38.7,10.641,5.929,15308.712,0.7,261.899,9.74,1.9,48.4,,4.34,76.91,0.752
CHN,Asia,China,12/03/2020,80932,11,56.429,3172,11,22.429,56.229,0.008,0.039,2.204,0.008,0.016,0.23,,,,,,,,,,,,,,,,,,,,,,81.02,1439323774,147.674,38.7,10.641,5.929,15308.712,0.7,261.899,9.74,1.9,48.4,,4.34,76.91,0.752
CHN,Asia,China,13/03/2020,80945,13,36.429,3180,8,19.429,56.238,0.009,0.025,2.209,0.006,0.013,0.26,,,,,,,,,,,,,,,,,,,,,,81.02,1439323774,147.674,38.7,10.641,5.929,15308.712,0.7,261.899,9.74,1.9,48.4,,4.34,76.91,0.752
CHN,Asia,China,14/03/2020,80977,32,29.571,3193,13,17.286,56.26,0.022,0.021,2.218,0.009,0.012,0.29,,,,,,,,,,,,,,,,,,,,,,81.02,1439323774,147.674,38.7,10.641,5.929,15308.712,0.7,261.899,9.74,1.9,48.4,,4.34,76.91,0.752
CHN,Asia,China,15/03/2020,81003,26,25.714,3203,10,14.714,56.279,0.018,0.018,2.225,0.007,0.01,0.33,,,,,,,,,,,,,,,,,,,,,,81.02,1439323774,147.674,38.7,10.641,5.929,15308.712,0.7,261.899,9.74,1.9,48.4,,4.34,76.91,0.752
CHN,Asia,China,16/03/2020,81033,30,24.714,3217,14,13.429,56.299,0.021,0.017,2.235,0.01,0.009,0.37,,,,,,,,,,,,,,,,,,,,,,79.17,1439323774,147.674,38.7,10.641,5.929,15308.712,0.7,261.899,9.74,1.9,48.4,,4.34,76.91,0.752
CHN,Asia,China,17/03/2020,81058,25,24.429,3230,13,13,56.317,0.017,0.017,2.244,0.009,0.009,0.43,,,,,,,,,,,,,,,,,,,,,,79.17,1439323774,147.674,38.7,10.641,5.929,15308.712,0.7,261.899,9.74,1.9,48.4,,4.34,76.91,0.752
CHN,Asia,China,18/03/2020,81102,44,25.857,3241,11,11.429,56.347,0.031,0.018,2.252,0.008,0.008,0.49,,,,,,,,,,,,,,,,,,,,,,79.17,1439323774,147.674,38.7,10.641,5.929,15308.712,0.7,261.899,9.74,1.9,48.4,,4.34,76.91,0.752
CHN,Asia,China,19/03/2020,81156,54,32,3249,8,11,56.385,0.038,0.022,2.257,0.006,0.008,0.57,,,,,,,,,,,,,,,,,,,,,,79.17,1439323774,147.674,38.7,10.641,5.929,15308.712,0.7,261.899,9.74,1.9,48.4,,4.34,76.91,0.752
CHN,Asia,China,20/03/2020,81250,94,43.571,3253,4,10.429,56.45,0.065,0.03,2.26,0.003,0.007,0.64,,,,,,,,,,,,,,,,,,,,,,79.17,1439323774,147.674,38.7,10.641,5.929,15308.712,0.7,261.899,9.74,1.9,48.4,,4.34,76.91,0.752
CHN,Asia,China,21/03/2020,81305,55,46.857,3259,6,9.429,56.488,0.038,0.033,2.264,0.004,0.007,0.7,,,,,,,,,,,,,,,,,,,,,,79.17,1439323774,147.674,38.7,10.641,5.929,15308.712,0.7,261.899,9.74,1.9,48.4,,4.34,76.91,0.752
CHN,Asia,China,22/03/2020,81435,130,61.714,3274,15,10.143,56.579,0.09,0.043,2.275,0.01,0.007,0.77,,,,,,,,,,,,,,,,,,,,,,79.17,1439323774,147.674,38.7,10.641,5.929,15308.712,0.7,261.899,9.74,1.9,48.4,,4.34,76.91,0.752
CHN,Asia,China,23/03/2020,81498,63,66.429,3274,0,8.143,56.622,0.044,0.046,2.275,0,0.006,0.8,,,,,,,,,,,,,,,,,,,,,,79.17,1439323774,147.674,38.7,10.641,5.929,15308.712,0.7,261.899,9.74,1.9,48.4,,4.34,76.91,0.752
CHN,Asia,China,24/03/2020,81591,93,76.143,3281,7,7.286,56.687,0.065,0.053,2.28,0.005,0.005,0.84,,,,,,,,,,,,,,,,,,,,,,79.17,1439323774,147.674,38.7,10.641,5.929,15308.712,0.7,261.899,9.74,1.9,48.4,,4.34,76.91,0.752
CHN,Asia,China,25/03/2020,81661,70,79.857,3285,4,6.286,56.736,0.049,0.055,2.282,0.003,0.004,0.88,,,,,,,,,,,,,,,,,,,,,,79.17,1439323774,147.674,38.7,10.641,5.929,15308.712,0.7,261.899,9.74,1.9,48.4,,4.34,76.91,0.752
CHN,Asia,China,26/03/2020,81782,121,89.429,3291,6,6,56.82,0.084,0.062,2.286,0.004,0.004,0.91,,,,,,,,,,,,,,,,,,,,,,81.94,1439323774,147.674,38.7,10.641,5.929,15308.712,0.7,261.899,9.74,1.9,48.4,,4.34,76.91,0.752
CHN,Asia,China,27/03/2020,81897,115,92.429,3296,5,6.143,56.9,0.08,0.064,2.29,0.003,0.004,0.93,,,,,,,,,,,,,,,,,,,,,,81.94,1439323774,147.674,38.7,10.641,5.929,15308.712,0.7,261.899,9.74,1.9,48.4,,4.34,76.91,0.752
CHN,Asia,China,28/03/2020,81999,102,99.143,3299,3,5.714,56.971,0.071,0.069,2.292,0.002,0.004,0.93,,,,,,,,,,,,,,,,,,,,,,73.61,1439323774,147.674,38.7,10.641,5.929,15308.712,0.7,261.899,9.74,1.9,48.4,,4.34,76.91,0.752
CHN,Asia,China,29/03/2020,82122,123,98.143,3304,5,4.286,57.056,0.085,0.068,2.296,0.003,0.003,0.92,,,,,,,,,,,,,,,,,,,,,,73.61,1439323774,147.674,38.7,10.641,5.929,15308.712,0.7,261.899,9.74,1.9,48.4,,4.34,76.91,0.752
CHN,Asia,China,30/03/2020,82198,76,100,3308,4,4.857,57.109,0.053,0.069,2.298,0.003,0.003,0.9,,,,,,,,,,,,,,,,,,,,,,73.61,1439323774,147.674,38.7,10.641,5.929,15308.712,0.7,261.899,9.74,1.9,48.4,,4.34,76.91,0.752
CHN,Asia,China,31/03/2020,82279,81,98.286,3309,1,4,57.165,0.056,0.068,2.299,0.001,0.003,0.89,,,,,,,,,,,,,,,,,,,,,,73.61,1439323774,147.674,38.7,10.641,5.929,15308.712,0.7,261.899,9.74,1.9,48.4,,4.34,76.91,0.752
CHN,Asia,China,01/04/2020,82361,82,100,3316,7,4.429,57.222,0.057,0.069,2.304,0.005,0.003,0.87,,,,,,,,,,,,,,,,,,,,,,73.61,1439323774,147.674,38.7,10.641,5.929,15308.712,0.7,261.899,9.74,1.9,48.4,,4.34,76.91,0.752
CHN,Asia,China,02/04/2020,82432,71,92.857,3322,6,4.429,57.271,0.049,0.065,2.308,0.004,0.003,0.86,,,,,,,,,,,,,,,,,,,,,,73.61,1439323774,147.674,38.7,10.641,5.929,15308.712,0.7,261.899,9.74,1.9,48.4,,4.34,76.91,0.752
CHN,Asia,China,03/04/2020,82511,79,87.714,3326,4,4.286,57.326,0.055,0.061,2.311,0.003,0.003,0.85,,,,,,,,,,,,,,,,,,,,,,69.91,1439323774,147.674,38.7,10.641,5.929,15308.712,0.7,261.899,9.74,1.9,48.4,,4.34,76.91,0.752
CHN,Asia,China,04/04/2020,82543,32,77.714,3330,4,4.429,57.348,0.022,0.054,2.314,0.003,0.003,0.84,,,,,,,,,,,,,,,,,,,,,,69.91,1439323774,147.674,38.7,10.641,5.929,15308.712,0.7,261.899,9.74,1.9,48.4,,4.34,76.91,0.752
CHN,Asia,China,05/04/2020,82602,59,68.571,3333,3,4.143,57.389,0.041,0.048,2.316,0.002,0.003,0.85,,,,,,,,,,,,,,,,,,,,,,69.91,1439323774,147.674,38.7,10.641,5.929,15308.712,0.7,261.899,9.74,1.9,48.4,,4.34,76.91,0.752
CHN,Asia,China,06/04/2020,82665,63,66.714,3335,2,3.857,57.433,0.044,0.046,2.317,0.001,0.003,0.88,,,,,,,,,,,,,,,,,,,,,,69.91,1439323774,147.674,38.7,10.641,5.929,15308.712,0.7,261.899,9.74,1.9,48.4,,4.34,76.91,0.752
CHN,Asia,China,07/04/2020,82718,53,62.714,3335,0,3.714,57.47,0.037,0.044,2.317,0,0.003,0.9,,,,,,,,,,,,,,,,,,,,,,69.91,1439323774,147.674,38.7,10.641,5.929,15308.712,0.7,261.899,9.74,1.9,48.4,,4.34,76.91,0.752
CHN,Asia,China,08/04/2020,82809,91,64,3337,2,3,57.533,0.063,0.044,2.318,0.001,0.002,0.94,,,,,,,,,,,,,,,,,,,,,,56.94,1439323774,147.674,38.7,10.641,5.929,15308.712,0.7,261.899,9.74,1.9,48.4,,4.34,76.91,0.752
CHN,Asia,China,09/04/2020,82883,74,64.429,3339,2,2.429,57.585,0.051,0.045,2.32,0.001,0.002,0.96,,,,,,,,,,,,,,,,,,,,,,56.94,1439323774,147.674,38.7,10.641,5.929,15308.712,0.7,261.899,9.74,1.9,48.4,,4.34,76.91,0.752
CHN,Asia,China,10/04/2020,82941,58,61.429,3340,1,2,57.625,0.04,0.043,2.321,0.001,0.001,0.98,,,,,,,,,,,,,,,,,,,,,,56.94,1439323774,147.674,38.7,10.641,5.929,15308.712,0.7,261.899,9.74,1.9,48.4,,4.34,76.91,0.752
CHN,Asia,China,11/04/2020,83014,73,67.286,3343,3,1.857,57.676,0.051,0.047,2.323,0.002,0.001,1,,,,,,,,,,,,,,,,,,,,,,56.94,1439323774,147.674,38.7,10.641,5.929,15308.712,0.7,261.899,9.74,1.9,48.4,,4.34,76.91,0.752
CHN,Asia,China,12/04/2020,83134,120,76,3343,0,1.429,57.759,0.083,0.053,2.323,0,0.001,1.03,,,,,,,,,,,,,,,,,,,,,,56.94,1439323774,147.674,38.7,10.641,5.929,15308.712,0.7,261.899,9.74,1.9,48.4,,4.34,76.91,0.752
CHN,Asia,China,13/04/2020,83213,79,78.286,3345,2,1.429,57.814,0.055,0.054,2.324,0.001,0.001,1.03,,,,,,,,,,,,,,,,,,,,,,56.94,1439323774,147.674,38.7,10.641,5.929,15308.712,0.7,261.899,9.74,1.9,48.4,,4.34,76.91,0.752
CHN,Asia,China,14/04/2020,83306,93,84,3345,0,1.429,57.879,0.065,0.058,2.324,0,0.001,1.03,,,,,,,,,,,,,,,,,,,,,,56.94,1439323774,147.674,38.7,10.641,5.929,15308.712,0.7,261.899,9.74,1.9,48.4,,4.34,76.91,0.752
CHN,Asia,China,15/04/2020,83356,50,78.143,3346,1,1.286,57.913,0.035,0.054,2.325,0.001,0.001,1.02,,,,,,,,,,,,,,,,,,,,,,56.94,1439323774,147.674,38.7,10.641,5.929,15308.712,0.7,261.899,9.74,1.9,48.4,,4.34,76.91,0.752
CHN,Asia,China,16/04/2020,83403,47,74.286,3346,0,1,57.946,0.033,0.052,2.325,0,0.001,1.03,,,,,,,,,,,,,,,,,,,,,,56.94,1439323774,147.674,38.7,10.641,5.929,15308.712,0.7,261.899,9.74,1.9,48.4,,4.34,76.91,0.752
CHN,Asia,China,17/04/2020,83760,357,117,4636,1290,185.143,58.194,0.248,0.081,3.221,0.896,0.129,1.07,,,,,,,,,,,,,,,,,,,,,,56.94,1439323774,147.674,38.7,10.641,5.929,15308.712,0.7,261.899,9.74,1.9,48.4,,4.34,76.91,0.752
CHN,Asia,China,18/04/2020,83787,27,110.429,4636,0,184.714,58.213,0.019,0.077,3.221,0,0.128,0.9,,,,,,,,,,,,,,,,,,,,,,56.94,1439323774,147.674,38.7,10.641,5.929,15308.712,0.7,261.899,9.74,1.9,48.4,,4.34,76.91,0.752
CHN,Asia,China,19/04/2020,83805,18,95.857,4636,0,184.714,58.225,0.013,0.067,3.221,0,0.128,0.76,,,,,,,,,,,,,,,,,,,,,,56.94,1439323774,147.674,38.7,10.641,5.929,15308.712,0.7,261.899,9.74,1.9,48.4,,4.34,76.91,0.752
CHN,Asia,China,20/04/2020,83817,12,86.286,4636,0,184.429,58.234,0.008,0.06,3.221,0,0.128,0.66,,,,,,,,,,,,,,,,,,,,,,56.94,1439323774,147.674,38.7,10.641,5.929,15308.712,0.7,261.899,9.74,1.9,48.4,,4.34,76.91,0.752
CHN,Asia,China,21/04/2020,83853,36,78.143,4636,0,184.429,58.259,0.025,0.054,3.221,0,0.128,0.58,,,,,,,,,,,,,,,,,,,,,,56.94,1439323774,147.674,38.7,10.641,5.929,15308.712,0.7,261.899,9.74,1.9,48.4,,4.34,76.91,0.752
CHN,Asia,China,22/04/2020,83868,15,73.143,4636,0,184.286,58.269,0.01,0.051,3.221,0,0.128,0.51,,,,,,,,,,,,,,,,,,,,,,56.94,1439323774,147.674,38.7,10.641,5.929,15308.712,0.7,261.899,9.74,1.9,48.4,,4.34,76.91,0.752
CHN,Asia,China,23/04/2020,83884,16,68.714,4636,0,184.286,58.28,0.011,0.048,3.221,0,0.128,0.46,,,,,,,,,,,,,,,,,,,,,,56.94,1439323774,147.674,38.7,10.641,5.929,15308.712,0.7,261.899,9.74,1.9,48.4,,4.34,76.91,0.752
CHN,Asia,China,24/04/2020,83899,15,19.857,4636,0,0,58.291,0.01,0.014,3.221,0,0,0.41,,,,,,,,,,,,,,,,,,,,,,56.94,1439323774,147.674,38.7,10.641,5.929,15308.712,0.7,261.899,9.74,1.9,48.4,,4.34,76.91,0.752
CHN,Asia,China,25/04/2020,83909,10,17.429,4636,0,0,58.298,0.007,0.012,3.221,0,0,0.38,,,,,,,,,,,,,,,,,,,,,,56.94,1439323774,147.674,38.7,10.641,5.929,15308.712,0.7,261.899,9.74,1.9,48.4,,4.34,76.91,0.752
CHN,Asia,China,26/04/2020,83912,3,15.286,4637,1,0.143,58.3,0.002,0.011,3.222,0.001,0,0.36,,,,,,,,,,,,,,,,,,,,,,56.94,1439323774,147.674,38.7,10.641,5.929,15308.712,0.7,261.899,9.74,1.9,48.4,,4.34,76.91,0.752
CHN,Asia,China,27/04/2020,83918,6,14.429,4637,0,0.143,58.304,0.004,0.01,3.222,0,0,0.35,,,,,,,,,,,,,,,,,,,,,,56.94,1439323774,147.674,38.7,10.641,5.929,15308.712,0.7,261.899,9.74,1.9,48.4,,4.34,76.91,0.752
CHN,Asia,China,28/04/2020,83940,22,12.429,4637,0,0.143,58.319,0.015,0.009,3.222,0,0,0.35,,,,,,,,,,,,,,,,,,,,,,56.94,1439323774,147.674,38.7,10.641,5.929,15308.712,0.7,261.899,9.74,1.9,48.4,,4.34,76.91,0.752
CHN,Asia,China,29/04/2020,83944,4,10.857,4637,0,0.143,58.322,0.003,0.008,3.222,0,0,0.34,,,,,,,,,,,,,,,,,,,,,,56.94,1439323774,147.674,38.7,10.641,5.929,15308.712,0.7,261.899,9.74,1.9,48.4,,4.34,76.91,0.752
CHN,Asia,China,30/04/2020,83956,12,10.286,4637,0,0.143,58.33,0.008,0.007,3.222,0,0,0.33,,,,,,,,,,,,,,,,,,,,,,56.94,1439323774,147.674,38.7,10.641,5.929,15308.712,0.7,261.899,9.74,1.9,48.4,,4.34,76.91,0.752
CHN,Asia,China,01/05/2020,83959,3,8.571,4637,0,0.143,58.332,0.002,0.006,3.222,0,0,0.32,,,,,,,,,,,,,,,,,,,,,,56.94,1439323774,147.674,38.7,10.641,5.929,15308.712,0.7,261.899,9.74,1.9,48.4,,4.34,76.91,0.752
CHN,Asia,China,02/05/2020,83959,0,7.143,4637,0,0.143,58.332,0,0.005,3.222,0,0,0.32,,,,,,,,,,,,,,,,,,,,,,56.94,1439323774,147.674,38.7,10.641,5.929,15308.712,0.7,261.899,9.74,1.9,48.4,,4.34,76.91,0.752
CHN,Asia,China,03/05/2020,83964,5,7.429,4637,0,0,58.336,0.003,0.005,3.222,0,0,0.34,,,,,,,,,,,,,,,,,,,,,,56.94,1439323774,147.674,38.7,10.641,5.929,15308.712,0.7,261.899,9.74,1.9,48.4,,4.34,76.91,0.752
CHN,Asia,China,04/05/2020,83966,2,6.857,4637,0,0,58.337,0.001,0.005,3.222,0,0,0.36,,,,,,,,,,,,,,,,,,,,,,56.94,1439323774,147.674,38.7,10.641,5.929,15308.712,0.7,261.899,9.74,1.9,48.4,,4.34,76.91,0.752
CHN,Asia,China,05/05/2020,83968,2,4,4637,0,0,58.339,0.001,0.003,3.222,0,0,0.4,,,,,,,,,,,,,,,,,,,,,,56.94,1439323774,147.674,38.7,10.641,5.929,15308.712,0.7,261.899,9.74,1.9,48.4,,4.34,76.91,0.752
CHN,Asia,China,06/05/2020,83970,2,3.714,4637,0,0,58.34,0.001,0.003,3.222,0,0,0.44,,,,,,,,,,,,,,,,,,,,,,56.94,1439323774,147.674,38.7,10.641,5.929,15308.712,0.7,261.899,9.74,1.9,48.4,,4.34,76.91,0.752
CHN,Asia,China,07/05/2020,83975,5,2.714,4637,0,0,58.343,0.003,0.002,3.222,0,0,0.51,,,,,,,,,,,,,,,,,,,,,,56.94,1439323774,147.674,38.7,10.641,5.929,15308.712,0.7,261.899,9.74,1.9,48.4,,4.34,76.91,0.752
CHN,Asia,China,08/05/2020,83976,1,2.429,4637,0,0,58.344,0.001,0.002,3.222,0,0,0.58,,,,,,,,,,,,,,,,,,,,,,56.94,1439323774,147.674,38.7,10.641,5.929,15308.712,0.7,261.899,9.74,1.9,48.4,,4.34,76.91,0.752
CHN,Asia,China,09/05/2020,83990,14,4.429,4637,0,0,58.354,0.01,0.003,3.222,0,0,0.67,,,,,,,,,,,,,,,,,,,,,,56.94,1439323774,147.674,38.7,10.641,5.929,15308.712,0.7,261.899,9.74,1.9,48.4,,4.34,76.91,0.752
CHN,Asia,China,10/05/2020,84010,20,6.571,4637,0,0,58.368,0.014,0.005,3.222,0,0,0.72,,,,,,,,,,,,,,,,,,,,,,81.94,1439323774,147.674,38.7,10.641,5.929,15308.712,0.7,261.899,9.74,1.9,48.4,,4.34,76.91,0.752
CHN,Asia,China,11/05/2020,84011,1,6.429,4637,0,0,58.368,0.001,0.004,3.222,0,0,0.7,,,,,,,,,,,,,,,,,,,,,,81.94,1439323774,147.674,38.7,10.641,5.929,15308.712,0.7,261.899,9.74,1.9,48.4,,4.34,76.91,0.752
CHN,Asia,China,12/05/2020,84018,7,7.143,4637,0,0,58.373,0.005,0.005,3.222,0,0,0.71,,,,,,,,,,,,,,,,,,,,,,81.94,1439323774,147.674,38.7,10.641,5.929,15308.712,0.7,261.899,9.74,1.9,48.4,,4.34,76.91,0.752
CHN,Asia,China,13/05/2020,84024,6,7.714,4637,0,0,58.377,0.004,0.005,3.222,0,0,0.73,,,,,,,,,,,,,,,,,,,,,,81.94,1439323774,147.674,38.7,10.641,5.929,15308.712,0.7,261.899,9.74,1.9,48.4,,4.34,76.91,0.752
CHN,Asia,China,14/05/2020,84029,5,7.714,4637,0,0,58.381,0.003,0.005,3.222,0,0,0.75,,,,,,,,,,,,,,,,,,,,,,81.94,1439323774,147.674,38.7,10.641,5.929,15308.712,0.7,261.899,9.74,1.9,48.4,,4.34,76.91,0.752
CHN,Asia,China,15/05/2020,84038,9,8.857,4637,0,0,58.387,0.006,0.006,3.222,0,0,0.78,,,,,,,,,,,,,,,,,,,,,,81.94,1439323774,147.674,38.7,10.641,5.929,15308.712,0.7,261.899,9.74,1.9,48.4,,4.34,76.91,0.752
CHN,Asia,China,16/05/2020,84044,6,7.714,4638,1,0.143,58.391,0.004,0.005,3.222,0.001,0,0.8,,,,,,,,,,,,,,,,,,,,,,81.94,1439323774,147.674,38.7,10.641,5.929,15308.712,0.7,261.899,9.74,1.9,48.4,,4.34,76.91,0.752
CHN,Asia,China,17/05/2020,84054,10,6.286,4638,0,0.143,58.398,0.007,0.004,3.222,0,0,0.82,,,,,,,,,,,,,,,,,,,,,,81.94,1439323774,147.674,38.7,10.641,5.929,15308.712,0.7,261.899,9.74,1.9,48.4,,4.34,76.91,0.752
CHN,Asia,China,18/05/2020,84063,9,7.429,4638,0,0.143,58.405,0.006,0.005,3.222,0,0,0.81,,,,,,,,,,,,,,,,,,,,,,81.94,1439323774,147.674,38.7,10.641,5.929,15308.712,0.7,261.899,9.74,1.9,48.4,,4.34,76.91,0.752
CHN,Asia,China,19/05/2020,84063,0,6.429,4638,0,0.143,58.405,0,0.004,3.222,0,0,0.8,,,,,,,,,,,,,,,,,,,,,,81.94,1439323774,147.674,38.7,10.641,5.929,15308.712,0.7,261.899,9.74,1.9,48.4,,4.34,76.91,0.752
CHN,Asia,China,20/05/2020,84063,0,5.571,4638,0,0.143,58.405,0,0.004,3.222,0,0,0.82,,,,,,,,,,,,,,,,,,,,,,81.94,1439323774,147.674,38.7,10.641,5.929,15308.712,0.7,261.899,9.74,1.9,48.4,,4.34,76.91,0.752
CHN,Asia,China,21/05/2020,84063,0,4.857,4638,0,0.143,58.405,0,0.003,3.222,0,0,0.9,,,,,,,,,,,,,,,,,,,,,,81.94,1439323774,147.674,38.7,10.641,5.929,15308.712,0.7,261.899,9.74,1.9,48.4,,4.34,76.91,0.752
CHN,Asia,China,22/05/2020,84081,18,6.143,4638,0,0.143,58.417,0.013,0.004,3.222,0,0,1.01,,,,,,,,,,,,,,,,,,,,,,81.94,1439323774,147.674,38.7,10.641,5.929,15308.712,0.7,261.899,9.74,1.9,48.4,,4.34,76.91,0.752
CHN,Asia,China,23/05/2020,84084,3,5.714,4638,0,0,58.419,0.002,0.004,3.222,0,0,1.01,,,,,,,,,,,,,,,,,,,,,,81.94,1439323774,147.674,38.7,10.641,5.929,15308.712,0.7,261.899,9.74,1.9,48.4,,4.34,76.91,0.752
CHN,Asia,China,24/05/2020,84095,11,5.857,4638,0,0,58.427,0.008,0.004,3.222,0,0,1.03,,,,,,,,,,,,,,,,,,,,,,81.94,1439323774,147.674,38.7,10.641,5.929,15308.712,0.7,261.899,9.74,1.9,48.4,,4.34,76.91,0.752
CHN,Asia,China,25/05/2020,84102,7,5.571,4638,0,0,58.432,0.005,0.004,3.222,0,0,1.02,,,,,,,,,,,,,,,,,,,,,,81.94,1439323774,147.674,38.7,10.641,5.929,15308.712,0.7,261.899,9.74,1.9,48.4,,4.34,76.91,0.752
CHN,Asia,China,26/05/2020,84103,1,5.714,4638,0,0,58.432,0.001,0.004,3.222,0,0,1.01,,,,,,,,,,,,,,,,,,,,,,81.94,1439323774,147.674,38.7,10.641,5.929,15308.712,0.7,261.899,9.74,1.9,48.4,,4.34,76.91,0.752
CHN,Asia,China,27/05/2020,84106,3,6.143,4638,0,0,58.434,0.002,0.004,3.222,0,0,1.05,,,,,,,,,,,,,,,,,,,,,,81.94,1439323774,147.674,38.7,10.641,5.929,15308.712,0.7,261.899,9.74,1.9,48.4,,4.34,76.91,0.752
CHN,Asia,China,28/05/2020,84106,0,6.143,4638,0,0,58.434,0,0.004,3.222,0,0,1.12,,,,,,,,,,,,,,,,,,,,,,81.94,1439323774,147.674,38.7,10.641,5.929,15308.712,0.7,261.899,9.74,1.9,48.4,,4.34,76.91,0.752
CHN,Asia,China,29/05/2020,84123,17,6,4638,0,0,58.446,0.012,0.004,3.222,0,0,1.26,,,,,,,,,,,,,,,,,,,,,,81.94,1439323774,147.674,38.7,10.641,5.929,15308.712,0.7,261.899,9.74,1.9,48.4,,4.34,76.91,0.752
CHN,Asia,China,30/05/2020,84128,5,6.286,4638,0,0,58.45,0.003,0.004,3.222,0,0,1.27,,,,,,,,,,,,,,,,,,,,,,81.94,1439323774,147.674,38.7,10.641,5.929,15308.712,0.7,261.899,9.74,1.9,48.4,,4.34,76.91,0.752
CHN,Asia,China,31/05/2020,84146,18,7.286,4638,0,0,58.462,0.013,0.005,3.222,0,0,1.32,,,,,,,,,,,,,,,,,,,,,,81.94,1439323774,147.674,38.7,10.641,5.929,15308.712,0.7,261.899,9.74,1.9,48.4,,4.34,76.91,0.752
CHN,Asia,China,01/06/2020,84154,8,7.429,4638,0,0,58.468,0.006,0.005,3.222,0,0,1.28,,,,,,,,,,,,,,,,,,,,,,81.94,1439323774,147.674,38.7,10.641,5.929,15308.712,0.7,261.899,9.74,1.9,48.4,,4.34,76.91,0.752
CHN,Asia,China,02/06/2020,84161,7,8.286,4638,0,0,58.473,0.005,0.006,3.222,0,0,1.26,,,,,,,,,,,,,,,,,,,,,,81.94,1439323774,147.674,38.7,10.641,5.929,15308.712,0.7,261.899,9.74,1.9,48.4,,4.34,76.91,0.752
CHN,Asia,China,03/06/2020,84160,-1,7.714,4638,0,0,58.472,-0.001,0.005,3.222,0,0,1.26,,,,,,,,,,,,,,,,,,,,,,78.24,1439323774,147.674,38.7,10.641,5.929,15308.712,0.7,261.899,9.74,1.9,48.4,,4.34,76.91,0.752
CHN,Asia,China,04/06/2020,84171,11,9.286,4638,0,0,58.48,0.008,0.006,3.222,0,0,1.26,,,,,,,,,,,,,,,,,,,,,,78.24,1439323774,147.674,38.7,10.641,5.929,15308.712,0.7,261.899,9.74,1.9,48.4,,4.34,76.91,0.752
CHN,Asia,China,05/06/2020,84177,6,7.714,4638,0,0,58.484,0.004,0.005,3.222,0,0,1.26,,,,,,,,,,,,,,,,,,,,,,78.24,1439323774,147.674,38.7,10.641,5.929,15308.712,0.7,261.899,9.74,1.9,48.4,,4.34,76.91,0.752
CHN,Asia,China,06/06/2020,84186,9,8.286,4638,0,0,58.49,0.006,0.006,3.222,0,0,1.29,,,,,,,,,,,,,,,,,,,,,,78.24,1439323774,147.674,38.7,10.641,5.929,15308.712,0.7,261.899,9.74,1.9,48.4,,4.34,76.91,0.752
CHN,Asia,China,07/06/2020,84191,5,6.429,4638,0,0,58.493,0.003,0.004,3.222,0,0,1.32,,,,,,,,,,,,,,,,,,,,,,78.24,1439323774,147.674,38.7,10.641,5.929,15308.712,0.7,261.899,9.74,1.9,48.4,,4.34,76.91,0.752
CHN,Asia,China,08/06/2020,84195,4,5.857,4638,0,0,58.496,0.003,0.004,3.222,0,0,1.38,,,,,,,,,,,,,,,,,,,,,,78.24,1439323774,147.674,38.7,10.641,5.929,15308.712,0.7,261.899,9.74,1.9,48.4,,4.34,76.91,0.752
CHN,Asia,China,09/06/2020,84198,3,5.286,4638,0,0,58.498,0.002,0.004,3.222,0,0,1.49,,,,,,,,,,,,,,,,,,,,,,78.24,1439323774,147.674,38.7,10.641,5.929,15308.712,0.7,261.899,9.74,1.9,48.4,,4.34,76.91,0.752
CHN,Asia,China,10/06/2020,84209,11,7,4638,0,0,58.506,0.008,0.005,3.222,0,0,1.65,,,,,,,,,,,,,,,,,,,,,,78.24,1439323774,147.674,38.7,10.641,5.929,15308.712,0.7,261.899,9.74,1.9,48.4,,4.34,76.91,0.752
CHN,Asia,China,11/06/2020,84216,7,6.429,4638,0,0,58.511,0.005,0.004,3.222,0,0,1.8,,,,,,,,,,,,,,,,,,,,,,78.24,1439323774,147.674,38.7,10.641,5.929,15308.712,0.7,261.899,9.74,1.9,48.4,,4.34,76.91,0.752
CHN,Asia,China,12/06/2020,84228,12,7.286,4638,0,0,58.519,0.008,0.005,3.222,0,0,2,,,,,,,,,,,,,,,,,,,,,,78.24,1439323774,147.674,38.7,10.641,5.929,15308.712,0.7,261.899,9.74,1.9,48.4,,4.34,76.91,0.752
CHN,Asia,China,13/06/2020,84286,58,14.286,4638,0,0,58.559,0.04,0.01,3.222,0,0,2.22,,,,,,,,,,,,,,,,,,,,,,78.24,1439323774,147.674,38.7,10.641,5.929,15308.712,0.7,261.899,9.74,1.9,48.4,,4.34,76.91,0.752
CHN,Asia,China,14/06/2020,84335,49,20.571,4638,0,0,58.593,0.034,0.014,3.222,0,0,2.14,,,,,,,,,,,,,,,,,,,,,,78.24,1439323774,147.674,38.7,10.641,5.929,15308.712,0.7,261.899,9.74,1.9,48.4,,4.34,76.91,0.752
CHN,Asia,China,15/06/2020,84378,43,26.143,4638,0,0,58.623,0.03,0.018,3.222,0,0,2,,,,,,,,,,,,,,,,,,,,,,78.24,1439323774,147.674,38.7,10.641,5.929,15308.712,0.7,261.899,9.74,1.9,48.4,,4.34,76.91,0.752
CHN,Asia,China,16/06/2020,84422,44,32,4638,0,0,58.654,0.031,0.022,3.222,0,0,1.85,,,,,,,,,,,,,,,,,,,,,,78.24,1439323774,147.674,38.7,10.641,5.929,15308.712,0.7,261.899,9.74,1.9,48.4,,4.34,76.91,0.752
CHN,Asia,China,17/06/2020,84458,36,35.571,4638,0,0,58.679,0.025,0.025,3.222,0,0,1.7,,,,,,,,,,,,,,,,,,,,,,78.24,1439323774,147.674,38.7,10.641,5.929,15308.712,0.7,261.899,9.74,1.9,48.4,,4.34,76.91,0.752
CHN,Asia,China,18/06/2020,84494,36,39.714,4638,0,0,58.704,0.025,0.028,3.222,0,0,1.56,,,,,,,,,,,,,,,,,,,,,,78.24,1439323774,147.674,38.7,10.641,5.929,15308.712,0.7,261.899,9.74,1.9,48.4,,4.34,76.91,0.752
CHN,Asia,China,19/06/2020,84494,0,38,4638,0,0,58.704,0,0.026,3.222,0,0,1.44,,,,,,,,,,,,,,,,,,,,,,78.24,1439323774,147.674,38.7,10.641,5.929,15308.712,0.7,261.899,9.74,1.9,48.4,,4.34,76.91,0.752
CHN,Asia,China,20/06/2020,84553,59,38.143,4639,1,0.143,58.745,0.041,0.027,3.223,0.001,0,1.41,,,,,,,,,,,,,,,,,,,,,,78.24,1439323774,147.674,38.7,10.641,5.929,15308.712,0.7,261.899,9.74,1.9,48.4,,4.34,76.91,0.752
CHN,Asia,China,21/06/2020,84572,19,33.857,4639,0,0.143,58.758,0.013,0.024,3.223,0,0,1.31,,,,,,,,,,,,,,,,,,,,,,78.24,1439323774,147.674,38.7,10.641,5.929,15308.712,0.7,261.899,9.74,1.9,48.4,,4.34,76.91,0.752
CHN,Asia,China,22/06/2020,84624,52,35.143,4639,0,0.143,58.794,0.036,0.024,3.223,0,0,1.26,,,,,,,,,,,,,,,,,,,,,,78.24,1439323774,147.674,38.7,10.641,5.929,15308.712,0.7,261.899,9.74,1.9,48.4,,4.34,76.91,0.752
CHN,Asia,China,23/06/2020,84653,29,33,4640,1,0.286,58.814,0.02,0.023,3.224,0.001,0,1.17,,,,,,,,,,,,,,,,,,,,,,78.24,1439323774,147.674,38.7,10.641,5.929,15308.712,0.7,261.899,9.74,1.9,48.4,,4.34,76.91,0.752
CHN,Asia,China,24/06/2020,84673,20,30.714,4640,0,0.286,58.828,0.014,0.021,3.224,0,0,1.09,,,,,,,,,,90000000,62.529,,,,,,tests performed,,,,,78.24,1439323774,147.674,38.7,10.641,5.929,15308.712,0.7,261.899,9.74,1.9,48.4,,4.34,76.91,0.752
CHN,Asia,China,25/06/2020,84701,28,29.571,4641,1,0.429,58.848,0.019,0.021,3.224,0.001,0,1.04,,,,,,,,,,,,,,,,,,,,,,78.24,1439323774,147.674,38.7,10.641,5.929,15308.712,0.7,261.899,9.74,1.9,48.4,,4.34,76.91,0.752
CHN,Asia,China,26/06/2020,84725,24,33,4641,0,0.429,58.864,0.017,0.023,3.224,0,0,0.99,,,,,,,,,,,,,,,,,,,,,,78.24,1439323774,147.674,38.7,10.641,5.929,15308.712,0.7,261.899,9.74,1.9,48.4,,4.34,76.91,0.752
CHN,Asia,China,27/06/2020,84743,18,27.143,4641,0,0.286,58.877,0.013,0.019,3.224,0,0,0.94,,,,,,,,,,,,,,,,,,,,,,78.24,1439323774,147.674,38.7,10.641,5.929,15308.712,0.7,261.899,9.74,1.9,48.4,,4.34,76.91,0.752
CHN,Asia,China,28/06/2020,84757,14,26.429,4641,0,0.286,58.887,0.01,0.018,3.224,0,0,0.92,,,,,,,,,,,,,,,,,,,,,,78.24,1439323774,147.674,38.7,10.641,5.929,15308.712,0.7,261.899,9.74,1.9,48.4,,4.34,76.91,0.752
CHN,Asia,China,29/06/2020,84780,23,22.286,4641,0,0.286,58.903,0.016,0.015,3.224,0,0,0.91,,,,,,,,,,,,,,,,,,,,,,78.24,1439323774,147.674,38.7,10.641,5.929,15308.712,0.7,261.899,9.74,1.9,48.4,,4.34,76.91,0.752
CHN,Asia,China,30/06/2020,84785,5,18.857,4641,0,0.143,58.906,0.003,0.013,3.224,0,0,0.91,,,,,,,,,,,,,,,,,,,,,,78.24,1439323774,147.674,38.7,10.641,5.929,15308.712,0.7,261.899,9.74,1.9,48.4,,4.34,76.91,0.752
CHN,Asia,China,01/07/2020,84816,31,20.429,4641,0,0.143,58.928,0.022,0.014,3.224,0,0,0.95,,,,,,,,,,,,,,,,,,,,,,78.24,1439323774,147.674,38.7,10.641,5.929,15308.712,0.7,261.899,9.74,1.9,48.4,,4.34,76.91,0.752
CHN,Asia,China,02/07/2020,84830,14,18.429,4641,0,0,58.937,0.01,0.013,3.224,0,0,0.95,,,,,,,,,,,,,,,,,,,,,,78.24,1439323774,147.674,38.7,10.641,5.929,15308.712,0.7,261.899,9.74,1.9,48.4,,4.34,76.91,0.752
CHN,Asia,China,03/07/2020,84838,8,16.143,4641,0,0,58.943,0.006,0.011,3.224,0,0,0.98,,,,,,,,,,,,,,,,,,,,,,78.24,1439323774,147.674,38.7,10.641,5.929,15308.712,0.7,261.899,9.74,1.9,48.4,,4.34,76.91,0.752
CHN,Asia,China,04/07/2020,84857,19,16.286,4641,0,0,58.956,0.013,0.011,3.224,0,0,1.03,,,,,,,,,,,,,,,,,,,,,,78.24,1439323774,147.674,38.7,10.641,5.929,15308.712,0.7,261.899,9.74,1.9,48.4,,4.34,76.91,0.752
CHN,Asia,China,05/07/2020,84871,14,16.286,4641,0,0,58.966,0.01,0.011,3.224,0,0,1.09,,,,,,,,,,,,,,,,,,,,,,78.24,1439323774,147.674,38.7,10.641,5.929,15308.712,0.7,261.899,9.74,1.9,48.4,,4.34,76.91,0.752
CHN,Asia,China,06/07/2020,84889,18,15.571,4641,0,0,58.978,0.013,0.011,3.224,0,0,1.17,,,,,,,,,,,,,,,,,,,,,,78.24,1439323774,147.674,38.7,10.641,5.929,15308.712,0.7,261.899,9.74,1.9,48.4,,4.34,76.91,0.752
CHN,Asia,China,07/07/2020,84917,28,18.857,4641,0,0,58.998,0.019,0.013,3.224,0,0,1.27,,,,,,,,,,,,,,,,,,,,,,78.24,1439323774,147.674,38.7,10.641,5.929,15308.712,0.7,261.899,9.74,1.9,48.4,,4.34,76.91,0.752
CHN,Asia,China,08/07/2020,84950,33,19.143,4641,0,0,59.021,0.023,0.013,3.224,0,0,1.35,,,,,,,,,,,,,,,,,,,,,,78.24,1439323774,147.674,38.7,10.641,5.929,15308.712,0.7,261.899,9.74,1.9,48.4,,4.34,76.91,0.752
CHN,Asia,China,09/07/2020,84992,42,23.143,4641,0,0,59.05,0.029,0.016,3.224,0,0,1.41,,,,,,,,,,,,,,,,,,,,,,78.24,1439323774,147.674,38.7,10.641,5.929,15308.712,0.7,261.899,9.74,1.9,48.4,,4.34,76.91,0.752
CHN,Asia,China,10/07/2020,84992,0,22,4641,0,0,59.05,0,0.015,3.224,0,0,1.45,,,,,,,,,,,,,,,,,,,,,,78.24,1439323774,147.674,38.7,10.641,5.929,15308.712,0.7,261.899,9.74,1.9,48.4,,4.34,76.91,0.752
CHN,Asia,China,11/07/2020,85071,79,30.571,4641,0,0,59.105,0.055,0.021,3.224,0,0,1.57,,,,,,,,,,,,,,,,,,,,,,78.24,1439323774,147.674,38.7,10.641,5.929,15308.712,0.7,261.899,9.74,1.9,48.4,,4.34,76.91,0.752
CHN,Asia,China,12/07/2020,85117,46,35.143,4641,0,0,59.137,0.032,0.024,3.224,0,0,1.57,,,,,,,,,,,,,,,,,,,,,,78.24,1439323774,147.674,38.7,10.641,5.929,15308.712,0.7,261.899,9.74,1.9,48.4,,4.34,76.91,0.752
CHN,Asia,China,13/07/2020,85117,0,32.571,4641,0,0,59.137,0,0.023,3.224,0,0,1.58,,,,,,,,,,,,,,,,,,,,,,78.24,1439323774,147.674,38.7,10.641,5.929,15308.712,0.7,261.899,9.74,1.9,48.4,,4.34,76.91,0.752
CHN,Asia,China,14/07/2020,85226,109,44.143,4642,1,0.143,59.213,0.076,0.031,3.225,0.001,0,1.67,,,,,,,,,,,,,,,,,,,,,,78.24,1439323774,147.674,38.7,10.641,5.929,15308.712,0.7,261.899,9.74,1.9,48.4,,4.34,76.91,0.752
CHN,Asia,China,15/07/2020,85246,20,42.286,4644,2,0.429,59.226,0.014,0.029,3.227,0.001,0,1.63,,,,,,,,,,,,,,,,,,,,,,78.24,1439323774,147.674,38.7,10.641,5.929,15308.712,0.7,261.899,9.74,1.9,48.4,,4.34,76.91,0.752
CHN,Asia,China,16/07/2020,85327,81,47.857,4644,0,0.429,59.283,0.056,0.033,3.227,0,0,1.66,,,,,,,,,,,,,,,,,,,,,,78.24,1439323774,147.674,38.7,10.641,5.929,15308.712,0.7,261.899,9.74,1.9,48.4,,4.34,76.91,0.752
CHN,Asia,China,17/07/2020,85402,75,58.571,4645,1,0.571,59.335,0.052,0.041,3.227,0.001,0,1.65,,,,,,,,,,,,,,,,,,,,,,78.24,1439323774,147.674,38.7,10.641,5.929,15308.712,0.7,261.899,9.74,1.9,48.4,,4.34,76.91,0.752
CHN,Asia,China,18/07/2020,85418,16,49.571,4646,1,0.714,59.346,0.011,0.034,3.228,0.001,0,1.64,,,,,,,,,,,,,,,,,,,,,,78.24,1439323774,147.674,38.7,10.641,5.929,15308.712,0.7,261.899,9.74,1.9,48.4,,4.34,76.91,0.752
CHN,Asia,China,19/07/2020,85503,85,55.143,4646,0,0.714,59.405,0.059,0.038,3.228,0,0,1.71,,,,,,,,,,,,,,,,,,,,,,78.24,1439323774,147.674,38.7,10.641,5.929,15308.712,0.7,261.899,9.74,1.9,48.4,,4.34,76.91,0.752
CHN,Asia,China,20/07/2020,85622,119,72.143,4646,0,0.714,59.488,0.083,0.05,3.228,0,0,1.75,,,,,,,,,,,,,,,,,,,,,,78.24,1439323774,147.674,38.7,10.641,5.929,15308.712,0.7,261.899,9.74,1.9,48.4,,4.34,76.91,0.752
CHN,Asia,China,21/07/2020,85708,86,68.857,4648,2,0.857,59.547,0.06,0.048,3.229,0.001,0.001,1.76,,,,,,,,,,,,,,,,,,,,,,78.24,1439323774,147.674,38.7,10.641,5.929,15308.712,0.7,261.899,9.74,1.9,48.4,,4.34,76.91,0.752
CHN,Asia,China,22/07/2020,85906,198,94.286,4648,0,0.571,59.685,0.138,0.066,3.229,0,0,1.79,,,,,,,,,,,,,,,,,,,,,,78.24,1439323774,147.674,38.7,10.641,5.929,15308.712,0.7,261.899,9.74,1.9,48.4,,4.34,76.91,0.752
CHN,Asia,China,23/07/2020,86045,139,102.571,4649,1,0.714,59.782,0.097,0.071,3.23,0.001,0,1.74,,,,,,,,,,,,,,,,,,,,,,78.24,1439323774,147.674,38.7,10.641,5.929,15308.712,0.7,261.899,9.74,1.9,48.4,,4.34,76.91,0.752
CHN,Asia,China,24/07/2020,86202,157,114.286,4650,1,0.714,59.891,0.109,0.079,3.231,0.001,0,1.7,,,,,,,,,,,,,,,,,,,,,,78.24,1439323774,147.674,38.7,10.641,5.929,15308.712,0.7,261.899,9.74,1.9,48.4,,4.34,76.91,0.752
CHN,Asia,China,25/07/2020,86381,179,137.571,4652,2,0.857,60.015,0.124,0.096,3.232,0.001,0.001,1.65,,,,,,,,,,,,,,,,,,,,,,78.24,1439323774,147.674,38.7,10.641,5.929,15308.712,0.7,261.899,9.74,1.9,48.4,,4.34,76.91,0.752
CHN,Asia,China,26/07/2020,86570,189,152.429,4652,0,0.857,60.146,0.131,0.106,3.232,0,0.001,1.6,,,,,,,,,,,,,,,,,,,,,,78.24,1439323774,147.674,38.7,10.641,5.929,15308.712,0.7,261.899,9.74,1.9,48.4,,4.34,76.91,0.752
CHN,Asia,China,27/07/2020,86783,213,165.857,4656,4,1.429,60.294,0.148,0.115,3.235,0.003,0.001,1.54,,,,,,,,,,,,,,,,,,,,,,78.24,1439323774,147.674,38.7,10.641,5.929,15308.712,0.7,261.899,9.74,1.9,48.4,,4.34,76.91,0.752
CHN,Asia,China,28/07/2020,86990,207,183.143,4657,1,1.286,60.438,0.144,0.127,3.236,0.001,0.001,1.48,,,,,,,,,,,,,,,,,,,,,,78.24,1439323774,147.674,38.7,10.641,5.929,15308.712,0.7,261.899,9.74,1.9,48.4,,4.34,76.91,0.752
CHN,Asia,China,29/07/2020,87213,223,186.714,4658,1,1.429,60.593,0.155,0.13,3.236,0.001,0.001,1.41,,,,,,,,,,,,,,,,,,,,,,78.24,1439323774,147.674,38.7,10.641,5.929,15308.712,0.7,261.899,9.74,1.9,48.4,,4.34,76.91,0.752
CHN,Asia,China,30/07/2020,87489,276,206.286,4659,1,1.429,60.785,0.192,0.143,3.237,0.001,0.001,1.33,,,,,,,,,,,,,,,,,,,,,,78.24,1439323774,147.674,38.7,10.641,5.929,15308.712,0.7,261.899,9.74,1.9,48.4,,4.34,76.91,0.752
CHN,Asia,China,31/07/2020,87655,166,207.571,4661,2,1.571,60.9,0.115,0.144,3.238,0.001,0.001,1.23,,,,,,,,,,,,,,,,,,,,,,78.24,1439323774,147.674,38.7,10.641,5.929,15308.712,0.7,261.899,9.74,1.9,48.4,,4.34,76.91,0.752
CHN,Asia,China,01/08/2020,87827,172,206.571,4667,6,2.143,61.02,0.12,0.144,3.242,0.004,0.001,1.15,,,,,,,,,,,,,,,,,,,,,,78.24,1439323774,147.674,38.7,10.641,5.929,15308.712,0.7,261.899,9.74,1.9,48.4,,4.34,76.91,0.752
CHN,Asia,China,02/08/2020,87985,158,202.143,4669,2,2.429,61.129,0.11,0.14,3.244,0.001,0.002,1.07,,,,,,,,,,,,,,,,,,,,,,78.24,1439323774,147.674,38.7,10.641,5.929,15308.712,0.7,261.899,9.74,1.9,48.4,,4.34,76.91,0.752
CHN,Asia,China,03/08/2020,88099,114,188,4672,3,2.286,61.209,0.079,0.131,3.246,0.002,0.002,1,,,,,,,,,,,,,,,,,,,,,,78.24,1439323774,147.674,38.7,10.641,5.929,15308.712,0.7,261.899,9.74,1.9,48.4,,4.34,76.91,0.752
CHN,Asia,China,04/08/2020,88206,107,173.714,4676,4,2.714,61.283,0.074,0.121,3.249,0.003,0.002,0.95,,,,,,,,,,,,,,,,,,,,,,78.24,1439323774,147.674,38.7,10.641,5.929,15308.712,0.7,261.899,9.74,1.9,48.4,,4.34,76.91,0.752
CHN,Asia,China,05/08/2020,88328,122,159.286,4677,1,2.714,61.368,0.085,0.111,3.249,0.001,0.002,0.91,,,,,,,,,,,,,,,,,,,,,,78.24,1439323774,147.674,38.7,10.641,5.929,15308.712,0.7,261.899,9.74,1.9,48.4,,4.34,76.91,0.752
CHN,Asia,China,06/08/2020,88460,132,138.714,4680,3,3,61.459,0.092,0.096,3.252,0.002,0.002,0.88,,,,,,,,,,160000000,111.163,,,,,,tests performed,,,,,78.24,1439323774,147.674,38.7,10.641,5.929,15308.712,0.7,261.899,9.74,1.9,48.4,,4.34,76.91,0.752
CHN,Asia,China,07/08/2020,88580,120,132.143,4681,1,2.857,61.543,0.083,0.092,3.252,0.001,0.002,0.85,,,,,,,,,,,,,,,,,,,,,,78.24,1439323774,147.674,38.7,10.641,5.929,15308.712,0.7,261.899,9.74,1.9,48.4,,4.34,76.91,0.752
CHN,Asia,China,08/08/2020,88672,92,120.714,4681,0,2,61.607,0.064,0.084,3.252,0,0.001,0.82,,,,,,,,,,,,,,,,,,,,,,78.24,1439323774,147.674,38.7,10.641,5.929,15308.712,0.7,261.899,9.74,1.9,48.4,,4.34,76.91,0.752
CHN,Asia,China,09/08/2020,88793,121,115.429,4686,5,2.429,61.691,0.084,0.08,3.256,0.003,0.002,0.8,,,,,,,,,,,,,,,,,,,,,,78.24,1439323774,147.674,38.7,10.641,5.929,15308.712,0.7,261.899,9.74,1.9,48.4,,4.34,76.91,0.752
CHN,Asia,China,10/08/2020,88906,113,115.286,4689,3,2.429,61.769,0.079,0.08,3.258,0.002,0.002,0.78,,,,,,,,,,,,,,,,,,,,,,78.24,1439323774,147.674,38.7,10.641,5.929,15308.712,0.7,261.899,9.74,1.9,48.4,,4.34,76.91,0.752
CHN,Asia,China,11/08/2020,88958,52,107.429,4693,4,2.429,61.805,0.036,0.075,3.261,0.003,0.002,0.75,,,,,,,,,,,,,,,,,,,,,,78.24,1439323774,147.674,38.7,10.641,5.929,15308.712,0.7,261.899,9.74,1.9,48.4,,4.34,76.91,0.752
CHN,Asia,China,12/08/2020,89045,87,102.429,4697,4,2.857,61.866,0.06,0.071,3.263,0.003,0.002,0.74,,,,,,,,,,,,,,,,,,,,,,78.24,1439323774,147.674,38.7,10.641,5.929,15308.712,0.7,261.899,9.74,1.9,48.4,,4.34,76.91,0.752
CHN,Asia,China,13/08/2020,89144,99,97.714,4700,3,2.857,61.935,0.069,0.068,3.265,0.002,0.002,0.73,,,,,,,,,,,,,,,,,,,,,,78.24,1439323774,147.674,38.7,10.641,5.929,15308.712,0.7,261.899,9.74,1.9,48.4,,4.34,76.91,0.752
CHN,Asia,China,14/08/2020,89214,70,90.571,4701,1,2.857,61.983,0.049,0.063,3.266,0.001,0.002,0.71,,,,,,,,,,,,,,,,,,,,,,78.24,1439323774,147.674,38.7,10.641,5.929,15308.712,0.7,261.899,9.74,1.9,48.4,,4.34,76.91,0.752
CHN,Asia,China,15/08/2020,89279,65,86.714,4703,2,3.143,62.028,0.045,0.06,3.268,0.001,0.002,0.69,,,,,,,,,,,,,,,,,,,,,,78.24,1439323774,147.674,38.7,10.641,5.929,15308.712,0.7,261.899,9.74,1.9,48.4,,4.34,76.91,0.752
CHN,Asia,China,16/08/2020,89375,96,83.143,4703,0,2.429,62.095,0.067,0.058,3.268,0,0.002,0.68,,,,,,,,,,,,,,,,,,,,,,78.24,1439323774,147.674,38.7,10.641,5.929,15308.712,0.7,261.899,9.74,1.9,48.4,,4.34,76.91,0.752
CHN,Asia,China,17/08/2020,89441,66,76.429,4703,0,2,62.141,0.046,0.053,3.268,0,0.001,0.66,,,,,,,,,,,,,,,,,,,,,,78.24,1439323774,147.674,38.7,10.641,5.929,15308.712,0.7,261.899,9.74,1.9,48.4,,4.34,76.91,0.752
CHN,Asia,China,18/08/2020,89494,53,76.571,4705,2,1.714,62.178,0.037,0.053,3.269,0.001,0.001,0.63,,,,,,,,,,,,,,,,,,,,,,78.24,1439323774,147.674,38.7,10.641,5.929,15308.712,0.7,261.899,9.74,1.9,48.4,,4.34,76.91,0.752
CHN,Asia,China,19/08/2020,89527,33,68.857,4706,1,1.286,62.201,0.023,0.048,3.27,0.001,0.001,0.61,,,,,,,,,,,,,,,,,,,,,,78.24,1439323774,147.674,38.7,10.641,5.929,15308.712,0.7,261.899,9.74,1.9,48.4,,4.34,76.91,0.752
CHN,Asia,China,20/08/2020,89567,40,60.429,4709,3,1.286,62.229,0.028,0.042,3.272,0.002,0.001,0.6,,,,,,,,,,,,,,,,,,,,,,78.24,1439323774,147.674,38.7,10.641,5.929,15308.712,0.7,261.899,9.74,1.9,48.4,,4.34,76.91,0.752
CHN,Asia,China,21/08/2020,89616,49,57.429,4709,0,1.143,62.263,0.034,0.04,3.272,0,0.001,0.6,,,,,,,,,,,,,,,,,,,,,,78.24,1439323774,147.674,38.7,10.641,5.929,15308.712,0.7,261.899,9.74,1.9,48.4,,4.34,76.91,0.752
CHN,Asia,China,22/08/2020,89654,38,53.571,4711,2,1.143,62.289,0.026,0.037,3.273,0.001,0.001,0.59,,,,,,,,,,,,,,,,,,,,,,78.24,1439323774,147.674,38.7,10.641,5.929,15308.712,0.7,261.899,9.74,1.9,48.4,,4.34,76.91,0.752
CHN,Asia,China,23/08/2020,89695,41,45.714,4711,0,1.143,62.317,0.028,0.032,3.273,0,0.001,0.59,,,,,,,,,,,,,,,,,,,,,,78.24,1439323774,147.674,38.7,10.641,5.929,15308.712,0.7,261.899,9.74,1.9,48.4,,4.34,76.91,0.752
CHN,Asia,China,24/08/2020,89718,23,39.571,4711,0,1.143,62.333,0.016,0.027,3.273,0,0.001,0.58,,,,,,,,,,,,,,,,,,,,,,78.24,1439323774,147.674,38.7,10.641,5.929,15308.712,0.7,261.899,9.74,1.9,48.4,,4.34,76.91,0.752
CHN,Asia,China,25/08/2020,89752,34,36.857,4712,1,1,62.357,0.024,0.026,3.274,0.001,0.001,0.59,,,,,,,,,,,,,,,,,,,,,,78.24,1439323774,147.674,38.7,10.641,5.929,15308.712,0.7,261.899,9.74,1.9,48.4,,4.34,76.91,0.752
CHN,Asia,China,26/08/2020,89784,32,36.714,4713,1,1,62.379,0.022,0.026,3.274,0.001,0.001,0.59,,,,,,,,,,,,,,,,,,,,,,78.24,1439323774,147.674,38.7,10.641,5.929,15308.712,0.7,261.899,9.74,1.9,48.4,,4.34,76.91,0.752
CHN,Asia,China,27/08/2020,89814,30,35.286,4715,2,0.857,62.4,0.021,0.025,3.276,0.001,0.001,0.6,,,,,,,,,,,,,,,,,,,,,,78.24,1439323774,147.674,38.7,10.641,5.929,15308.712,0.7,261.899,9.74,1.9,48.4,,4.34,76.91,0.752
CHN,Asia,China,28/08/2020,89836,22,31.429,4718,3,1.286,62.415,0.015,0.022,3.278,0.002,0.001,0.61,,,,,,,,,,,,,,,,,,,,,,78.24,1439323774,147.674,38.7,10.641,5.929,15308.712,0.7,261.899,9.74,1.9,48.4,,4.34,76.91,0.752
CHN,Asia,China,29/08/2020,89863,27,29.857,4721,3,1.429,62.434,0.019,0.021,3.28,0.002,0.001,0.62,,,,,,,,,,,,,,,,,,,,,,78.24,1439323774,147.674,38.7,10.641,5.929,15308.712,0.7,261.899,9.74,1.9,48.4,,4.34,76.91,0.752
CHN,Asia,China,30/08/2020,89895,32,28.571,4722,1,1.571,62.456,0.022,0.02,3.281,0.001,0.001,0.63,,,,,,,,,,,,,,,,,,,,,,78.24,1439323774,147.674,38.7,10.641,5.929,15308.712,0.7,261.899,9.74,1.9,48.4,,4.34,76.91,0.752
CHN,Asia,China,31/08/2020,89914,19,28,4723,1,1.714,62.47,0.013,0.019,3.281,0.001,0.001,0.64,,,,,,,,,,,,,,,,,,,,,,78.24,1439323774,147.674,38.7,10.641,5.929,15308.712,0.7,261.899,9.74,1.9,48.4,,4.34,76.91,0.752
CHN,Asia,China,01/09/2020,89933,19,25.857,4724,1,1.714,62.483,0.013,0.018,3.282,0.001,0.001,0.65,,,,,,,,,,,,,,,,,,,,,,78.24,1439323774,147.674,38.7,10.641,5.929,15308.712,0.7,261.899,9.74,1.9,48.4,,4.34,76.91,0.752
CHN,Asia,China,02/09/2020,89953,20,24.143,4727,3,2,62.497,0.014,0.017,3.284,0.002,0.001,0.67,,,,,,,,,,,,,,,,,,,,,,55.09,1439323774,147.674,38.7,10.641,5.929,15308.712,0.7,261.899,9.74,1.9,48.4,,4.34,76.91,0.752
CHN,Asia,China,03/09/2020,89986,33,24.571,4728,1,1.857,62.52,0.023,0.017,3.285,0.001,0.001,0.7,,,,,,,,,,,,,,,,,,,,,,55.09,1439323774,147.674,38.7,10.641,5.929,15308.712,0.7,261.899,9.74,1.9,48.4,,4.34,76.91,0.752
CHN,Asia,China,04/09/2020,90008,22,24.571,4728,0,1.429,62.535,0.015,0.017,3.285,0,0.001,0.71,,,,,,,,,,,,,,,,,,,,,,46.76,1439323774,147.674,38.7,10.641,5.929,15308.712,0.7,261.899,9.74,1.9,48.4,,4.34,76.91,0.752
CHN,Asia,China,05/09/2020,90025,17,23.143,4728,0,1,62.547,0.012,0.016,3.285,0,0.001,0.72,,,,,,,,,,,,,,,,,,,,,,46.76,1439323774,147.674,38.7,10.641,5.929,15308.712,0.7,261.899,9.74,1.9,48.4,,4.34,76.91,0.752
CHN,Asia,China,06/09/2020,90058,33,23.286,4730,2,1.143,62.57,0.023,0.016,3.286,0.001,0.001,0.75,,,,,,,,,,,,,,,,,,,,,,46.76,1439323774,147.674,38.7,10.641,5.929,15308.712,0.7,261.899,9.74,1.9,48.4,,4.34,76.91,0.752
CHN,Asia,China,07/09/2020,90078,20,23.429,4732,2,1.286,62.584,0.014,0.016,3.288,0.001,0.001,0.75,,,,,,,,,,,,,,,,,,,,,,46.76,1439323774,147.674,38.7,10.641,5.929,15308.712,0.7,261.899,9.74,1.9,48.4,,4.34,76.91,0.752
CHN,Asia,China,08/09/2020,90087,9,22,4733,1,1.286,62.59,0.006,0.015,3.288,0.001,0.001,0.75,,,,,,,,,,,,,,,,,,,,,,46.76,1439323774,147.674,38.7,10.641,5.929,15308.712,0.7,261.899,9.74,1.9,48.4,,4.34,76.91,0.752
CHN,Asia,China,09/09/2020,90100,13,21,4733,0,0.857,62.599,0.009,0.015,3.288,0,0.001,0.78,,,,,,,,,,,,,,,,,,,,,,46.76,1439323774,147.674,38.7,10.641,5.929,15308.712,0.7,261.899,9.74,1.9,48.4,,4.34,76.91,0.752
CHN,Asia,China,10/09/2020,90127,27,20.143,4733,0,0.714,62.618,0.019,0.014,3.288,0,0,0.82,,,,,,,,,,,,,,,,,,,,,,46.76,1439323774,147.674,38.7,10.641,5.929,15308.712,0.7,261.899,9.74,1.9,48.4,,4.34,76.91,0.752
CHN,Asia,China,11/09/2020,90145,18,19.571,4733,0,0.714,62.63,0.013,0.014,3.288,0,0,0.85,,,,,,,,,,,,,,,,,,,,,,46.76,1439323774,147.674,38.7,10.641,5.929,15308.712,0.7,261.899,9.74,1.9,48.4,,4.34,76.91,0.752
CHN,Asia,China,12/09/2020,90168,23,20.429,4734,1,0.857,62.646,0.016,0.014,3.289,0.001,0.001,0.88,,,,,,,,,,,,,,,,,,,,,,46.76,1439323774,147.674,38.7,10.641,5.929,15308.712,0.7,261.899,9.74,1.9,48.4,,4.34,76.91,0.752
CHN,Asia,China,13/09/2020,90197,29,19.857,4734,0,0.571,62.666,0.02,0.014,3.289,0,0,0.9,,,,,,,,,,,,,,,,,,,,,,46.76,1439323774,147.674,38.7,10.641,5.929,15308.712,0.7,261.899,9.74,1.9,48.4,,4.34,76.91,0.752
CHN,Asia,China,14/09/2020,90219,22,20.143,4735,1,0.429,62.682,0.015,0.014,3.29,0.001,0,0.91,,,,,,,,,,,,,,,,,,,,,,46.76,1439323774,147.674,38.7,10.641,5.929,15308.712,0.7,261.899,9.74,1.9,48.4,,4.34,76.91,0.752
CHN,Asia,China,15/09/2020,90235,16,21.143,4736,1,0.429,62.693,0.011,0.015,3.29,0.001,0,0.92,,,,,,,,,,,,,,,,,,,,,,81.94,1439323774,147.674,38.7,10.641,5.929,15308.712,0.7,261.899,9.74,1.9,48.4,,4.34,76.91,0.752
CHN,Asia,China,16/09/2020,90253,18,21.857,4736,0,0.429,62.705,0.013,0.015,3.29,0,0,0.94,,,,,,,,,,,,,,,,,,,,,,81.94,1439323774,147.674,38.7,10.641,5.929,15308.712,0.7,261.899,9.74,1.9,48.4,,4.34,76.91,0.752
CHN,Asia,China,17/09/2020,90294,41,23.857,4736,0,0.429,62.734,0.028,0.017,3.29,0,0,0.97,,,,,,,,,,,,,,,,,,,,,,81.94,1439323774,147.674,38.7,10.641,5.929,15308.712,0.7,261.899,9.74,1.9,48.4,,4.34,76.91,0.752
CHN,Asia,China,18/09/2020,90311,17,23.714,4737,1,0.571,62.745,0.012,0.016,3.291,0.001,0,0.95,,,,,,,,,,,,,,,,,,,,,,81.94,1439323774,147.674,38.7,10.641,5.929,15308.712,0.7,261.899,9.74,1.9,48.4,,4.34,76.91,0.752
CHN,Asia,China,19/09/2020,90334,23,23.714,4737,0,0.429,62.761,0.016,0.016,3.291,0,0,0.94,,,,,,,,,,,,,,,,,,,,,,81.94,1439323774,147.674,38.7,10.641,5.929,15308.712,0.7,261.899,9.74,1.9,48.4,,4.34,76.91,0.752
CHN,Asia,China,20/09/2020,90369,35,24.571,4737,0,0.429,62.786,0.024,0.017,3.291,0,0,0.94,,,,,,,,,,,,,,,,,,,,,,81.94,1439323774,147.674,38.7,10.641,5.929,15308.712,0.7,261.899,9.74,1.9,48.4,,4.34,76.91,0.752
CHN,Asia,China,21/09/2020,90381,12,23.143,4737,0,0.286,62.794,0.008,0.016,3.291,0,0,0.9,,,,,,,,,,,,,,,,,,,,,,75.46,1439323774,147.674,38.7,10.641,5.929,15308.712,0.7,261.899,9.74,1.9,48.4,,4.34,76.91,0.752
CHN,Asia,China,22/09/2020,90399,18,23.429,4737,0,0.143,62.807,0.013,0.016,3.291,0,0,0.89,,,,,,,,,,,,,,,,,,,,,,71.76,1439323774,147.674,38.7,10.641,5.929,15308.712,0.7,261.899,9.74,1.9,48.4,,4.34,76.91,0.752
CHN,Asia,China,23/09/2020,90409,10,22.286,4738,1,0.286,62.814,0.007,0.015,3.292,0.001,0,0.88,,,,,,,,,,,,,,,,,,,,,,63.43,1439323774,147.674,38.7,10.641,5.929,15308.712,0.7,261.899,9.74,1.9,48.4,,4.34,76.91,0.752
CHN,Asia,China,24/09/2020,90424,15,18.571,4738,0,0.286,62.824,0.01,0.013,3.292,0,0,0.89,,,,,,,,,,,,,,,,,,,,,,63.43,1439323774,147.674,38.7,10.641,5.929,15308.712,0.7,261.899,9.74,1.9,48.4,,4.34,76.91,0.752
CHN,Asia,China,25/09/2020,90441,17,18.571,4739,1,0.286,62.836,0.012,0.013,3.293,0.001,0,0.92,,,,,,,,,,,,,,,,,,,,,,63.43,1439323774,147.674,38.7,10.641,5.929,15308.712,0.7,261.899,9.74,1.9,48.4,,4.34,76.91,0.752
CHN,Asia,China,26/09/2020,90456,15,17.429,4739,0,0.286,62.846,0.01,0.012,3.293,0,0,0.94,,,,,,,,,,,,,,,,,,,,,,54.17,1439323774,147.674,38.7,10.641,5.929,15308.712,0.7,261.899,9.74,1.9,48.4,,4.34,76.91,0.752
CHN,Asia,China,27/09/2020,90483,27,16.286,4739,0,0.286,62.865,0.019,0.011,3.293,0,0,0.98,,,,,,,,,,,,,,,,,,,,,,54.17,1439323774,147.674,38.7,10.641,5.929,15308.712,0.7,261.899,9.74,1.9,48.4,,4.34,76.91,0.752
CHN,Asia,China,28/09/2020,90505,22,17.714,4739,0,0.286,62.88,0.015,0.012,3.293,0,0,1,,,,,,,,,,,,,,,,,,,,,,54.17,1439323774,147.674,38.7,10.641,5.929,15308.712,0.7,261.899,9.74,1.9,48.4,,4.34,76.91,0.752
CHN,Asia,China,29/09/2020,90528,23,18.429,4739,0,0.286,62.896,0.016,0.013,3.293,0,0,1.01,,,,,,,,,,,,,,,,,,,,,,54.17,1439323774,147.674,38.7,10.641,5.929,15308.712,0.7,261.899,9.74,1.9,48.4,,4.34,76.91,0.752
CHN,Asia,China,30/09/2020,90545,17,19.429,4739,0,0.143,62.908,0.012,0.013,3.293,0,0,1.01,,,,,,,,,,,,,,,,,,,,,,54.17,1439323774,147.674,38.7,10.641,5.929,15308.712,0.7,261.899,9.74,1.9,48.4,,4.34,76.91,0.752
CHN,Asia,China,01/10/2020,90567,22,20.429,4739,0,0.143,62.923,0.015,0.014,3.293,0,0,1.02,,,,,,,,,,,,,,,,,,,,,,54.17,1439323774,147.674,38.7,10.641,5.929,15308.712,0.7,261.899,9.74,1.9,48.4,,4.34,76.91,0.752
CHN,Asia,China,02/10/2020,90584,17,20.429,4739,0,0,62.935,0.012,0.014,3.293,0,0,1.02,,,,,,,,,,,,,,,,,,,,,,54.17,1439323774,147.674,38.7,10.641,5.929,15308.712,0.7,261.899,9.74,1.9,48.4,,4.34,76.91,0.752
CHN,Asia,China,03/10/2020,90604,20,21.143,4739,0,0,62.949,0.014,0.015,3.293,0,0,1.04,,,,,,,,,,,,,,,,,,,,,,54.17,1439323774,147.674,38.7,10.641,5.929,15308.712,0.7,261.899,9.74,1.9,48.4,,4.34,76.91,0.752
CHN,Asia,China,04/10/2020,90629,25,20.857,4739,0,0,62.966,0.017,0.014,3.293,0,0,1.07,,,,,,,,,,,,,,,,,,,,,,54.17,1439323774,147.674,38.7,10.641,5.929,15308.712,0.7,261.899,9.74,1.9,48.4,,4.34,76.91,0.752
CHN,Asia,China,05/10/2020,90652,23,21,4739,0,0,62.982,0.016,0.015,3.293,0,0,1.07,,,,,,,,,,,,,,,,,,,,,,54.17,1439323774,147.674,38.7,10.641,5.929,15308.712,0.7,261.899,9.74,1.9,48.4,,4.34,76.91,0.752
CHN,Asia,China,06/10/2020,90667,15,19.857,4739,0,0,62.993,0.01,0.014,3.293,0,0,1.08,,,,,,,,,,,,,,,,,,,,,,54.17,1439323774,147.674,38.7,10.641,5.929,15308.712,0.7,261.899,9.74,1.9,48.4,,4.34,76.91,0.752
CHN,Asia,China,07/10/2020,90687,20,20.286,4739,0,0,63.007,0.014,0.014,3.293,0,0,1.11,,,,,,,,,,,,,,,,,,,,,,54.17,1439323774,147.674,38.7,10.641,5.929,15308.712,0.7,261.899,9.74,1.9,48.4,,4.34,76.91,0.752
CHN,Asia,China,08/10/2020,90728,41,23,4739,0,0,63.035,0.028,0.016,3.293,0,0,1.14,,,,,,,,,,,,,,,,,,,,,,54.17,1439323774,147.674,38.7,10.641,5.929,15308.712,0.7,261.899,9.74,1.9,48.4,,4.34,76.91,0.752
CHN,Asia,China,09/10/2020,90751,23,23.857,4739,0,0,63.051,0.016,0.017,3.293,0,0,1.12,,,,,,,,,,,,,,,,,,,,,,54.17,1439323774,147.674,38.7,10.641,5.929,15308.712,0.7,261.899,9.74,1.9,48.4,,4.34,76.91,0.752
CHN,Asia,China,10/10/2020,90778,27,24.857,4739,0,0,63.07,0.019,0.017,3.293,0,0,1.12,,,,,,,,,,,,,,,,,,,,,,52.31,1439323774,147.674,38.7,10.641,5.929,15308.712,0.7,261.899,9.74,1.9,48.4,,4.34,76.91,0.752
CHN,Asia,China,11/10/2020,90812,34,26.143,4739,0,0,63.094,0.024,0.018,3.293,0,0,1.11,,,,,,,,,,,,,,,,,,,,,,52.31,1439323774,147.674,38.7,10.641,5.929,15308.712,0.7,261.899,9.74,1.9,48.4,,4.34,76.91,0.752
CHN,Asia,China,12/10/2020,90830,18,25.429,4739,0,0,63.106,0.013,0.018,3.293,0,0,1.08,,,,,,,,,,,,,,,,,,,,,,61.57,1439323774,147.674,38.7,10.641,5.929,15308.712,0.7,261.899,9.74,1.9,48.4,,4.34,76.91,0.752
CHN,Asia,China,13/10/2020,90858,28,27.286,4739,0,0,63.125,0.019,0.019,3.293,0,0,1.07,,,,,,,,,,,,,,,,,,,,,,61.57,1439323774,147.674,38.7,10.641,5.929,15308.712,0.7,261.899,9.74,1.9,48.4,,4.34,76.91,0.752
CHN,Asia,China,14/10/2020,90869,11,26,4739,0,0,63.133,0.008,0.018,3.293,0,0,1.05,,,,,,,,,,,,,,,,,,,,,,61.57,1439323774,147.674,38.7,10.641,5.929,15308.712,0.7,261.899,9.74,1.9,48.4,,4.34,76.91,0.752
CHN,Asia,China,15/10/2020,90905,36,25.286,4739,0,0,63.158,0.025,0.018,3.293,0,0,1.07,,,,,,,,,,,,,,,,,,,,,,61.57,1439323774,147.674,38.7,10.641,5.929,15308.712,0.7,261.899,9.74,1.9,48.4,,4.34,76.91,0.752
CHN,Asia,China,16/10/2020,90925,20,24.857,4739,0,0,63.172,0.014,0.017,3.293,0,0,1.06,,,,,,,,,,,,,,,,,,,,,,61.57,1439323774,147.674,38.7,10.641,5.929,15308.712,0.7,261.899,9.74,1.9,48.4,,4.34,76.91,0.752
CHN,Asia,China,17/10/2020,90955,30,25.286,4739,0,0,63.193,0.021,0.018,3.293,0,0,1.06,,,,,,,,,,,,,,,,,,,,,,61.57,1439323774,147.674,38.7,10.641,5.929,15308.712,0.7,261.899,9.74,1.9,48.4,,4.34,76.91,0.752
CHN,Asia,China,18/10/2020,90972,17,22.857,4739,0,0,63.205,0.012,0.016,3.293,0,0,1.06,,,,,,,,,,,,,,,,,,,,,,61.57,1439323774,147.674,38.7,10.641,5.929,15308.712,0.7,261.899,9.74,1.9,48.4,,4.34,76.91,0.752
CHN,Asia,China,19/10/2020,91006,34,25.143,4739,0,0,63.228,0.024,0.017,3.293,0,0,1.07,,,,,,,,,,,,,,,,,,,,,,61.57,1439323774,147.674,38.7,10.641,5.929,15308.712,0.7,261.899,9.74,1.9,48.4,,4.34,76.91,0.752
CHN,Asia,China,20/10/2020,91022,16,23.429,4739,0,0,63.239,0.011,0.016,3.293,0,0,1.06,,,,,,,,,,,,,,,,,,,,,,61.57,1439323774,147.674,38.7,10.641,5.929,15308.712,0.7,261.899,9.74,1.9,48.4,,4.34,76.91,0.752
CHN,Asia,China,21/10/2020,91044,22,25,4739,0,0,63.255,0.015,0.017,3.293,0,0,1.08,,,,,,,,,,,,,,,,,,,,,,61.57,1439323774,147.674,38.7,10.641,5.929,15308.712,0.7,261.899,9.74,1.9,48.4,,4.34,76.91,0.752
CHN,Asia,China,22/10/2020,91073,29,24,4739,0,0,63.275,0.02,0.017,3.293,0,0,1.1,,,,,,,,,,,,,,,,,,,,,,61.57,1439323774,147.674,38.7,10.641,5.929,15308.712,0.7,261.899,9.74,1.9,48.4,,4.34,76.91,0.752
CHN,Asia,China,23/10/2020,91108,35,26.143,4739,0,0,63.299,0.024,0.018,3.293,0,0,1.11,,,,,,,,,,,,,,,,,,,,,,61.57,1439323774,147.674,38.7,10.641,5.929,15308.712,0.7,261.899,9.74,1.9,48.4,,4.34,76.91,0.752
CHN,Asia,China,24/10/2020,91128,20,24.714,4739,0,0,63.313,0.014,0.017,3.293,0,0,1.11,,,,,,,,,,,,,,,,,,,,,,81.94,1439323774,147.674,38.7,10.641,5.929,15308.712,0.7,261.899,9.74,1.9,48.4,,4.34,76.91,0.752
CHN,Asia,China,25/10/2020,91151,23,25.571,4739,0,0,63.329,0.016,0.018,3.293,0,0,1.13,,,,,,,,,,,,,,,,,,,,,,81.94,1439323774,147.674,38.7,10.641,5.929,15308.712,0.7,261.899,9.74,1.9,48.4,,4.34,76.91,0.752
CHN,Asia,China,26/10/2020,91175,24,24.143,4739,0,0,63.346,0.017,0.017,3.293,0,0,1.16,,,,,,,,,,,,,,,,,,,,,,81.94,1439323774,147.674,38.7,10.641,5.929,15308.712,0.7,261.899,9.74,1.9,48.4,,4.34,76.91,0.752
CHN,Asia,China,27/10/2020,91222,47,28.571,4739,0,0,63.378,0.033,0.02,3.293,0,0,1.2,,,,,,,,,,,,,,,,,,,,,,81.94,1439323774,147.674,38.7,10.641,5.929,15308.712,0.7,261.899,9.74,1.9,48.4,,4.34,76.91,0.752
CHN,Asia,China,28/10/2020,91271,49,32.429,4739,0,0,63.412,0.034,0.023,3.293,0,0,1.2,,,,,,,,,,,,,,,,,,,,,,81.94,1439323774,147.674,38.7,10.641,5.929,15308.712,0.7,261.899,9.74,1.9,48.4,,4.34,76.91,0.752
CHN,Asia,China,29/10/2020,91299,28,32.286,4739,0,0,63.432,0.019,0.022,3.293,0,0,1.17,,,,,,,,,,,,,,,,,,,,,,81.94,1439323774,147.674,38.7,10.641,5.929,15308.712,0.7,261.899,9.74,1.9,48.4,,4.34,76.91,0.752
CHN,Asia,China,30/10/2020,91339,40,33,4739,0,0,63.46,0.028,0.023,3.293,0,0,1.16,,,,,,,,,,,,,,,,,,,,,,68.98,1439323774,147.674,38.7,10.641,5.929,15308.712,0.7,261.899,9.74,1.9,48.4,,4.34,76.91,0.752
CHN,Asia,China,31/10/2020,91366,27,34,4739,0,0,63.478,0.019,0.024,3.293,0,0,1.14,,,,,,,,,,,,,,,,,,,,,,63.43,1439323774,147.674,38.7,10.641,5.929,15308.712,0.7,261.899,9.74,1.9,48.4,,4.34,76.91,0.752
CHN,Asia,China,01/11/2020,91397,31,35.143,4739,0,0,63.5,0.022,0.024,3.293,0,0,1.13,,,,,,,,,,,,,,,,,,,,,,63.43,1439323774,147.674,38.7,10.641,5.929,15308.712,0.7,261.899,9.74,1.9,48.4,,4.34,76.91,0.752
CHN,Asia,China,02/11/2020,91452,55,39.571,4739,0,0,63.538,0.038,0.027,3.293,0,0,1.13,,,,,,,,,,,,,,,,,,,,,,63.43,1439323774,147.674,38.7,10.641,5.929,15308.712,0.7,261.899,9.74,1.9,48.4,,4.34,76.91,0.752
CHN,Asia,China,03/11/2020,91478,26,36.571,4739,0,0,63.556,0.018,0.025,3.293,0,0,1.1,,,,,,,,,,,,,,,,,,,,,,63.43,1439323774,147.674,38.7,10.641,5.929,15308.712,0.7,261.899,9.74,1.9,48.4,,4.34,76.91,0.752
CHN,Asia,China,04/11/2020,91509,31,34,4740,1,0.143,63.578,0.022,0.024,3.293,0.001,0,1.08,,,,,,,,,,,,,,,,,,,,,,63.43,1439323774,147.674,38.7,10.641,5.929,15308.712,0.7,261.899,9.74,1.9,48.4,,4.34,76.91,0.752
CHN,Asia,China,05/11/2020,91552,43,36.143,4741,1,0.286,63.608,0.03,0.025,3.294,0.001,0,1.08,,,,,,,,,,,,,,,,,,,,,,63.43,1439323774,147.674,38.7,10.641,5.929,15308.712,0.7,261.899,9.74,1.9,48.4,,4.34,76.91,0.752
CHN,Asia,China,06/11/2020,91591,39,36,4741,0,0.286,63.635,0.027,0.025,3.294,0,0,1.06,,,,,,,,,,,,,,,,,,,,,,63.43,1439323774,147.674,38.7,10.641,5.929,15308.712,0.7,261.899,9.74,1.9,48.4,,4.34,76.91,0.752
CHN,Asia,China,07/11/2020,91622,31,36.571,4741,0,0.286,63.656,0.022,0.025,3.294,0,0,1.04,,,,,,,,,,,,,,,,,,,,,,63.43,1439323774,147.674,38.7,10.641,5.929,15308.712,0.7,261.899,9.74,1.9,48.4,,4.34,76.91,0.752
CHN,Asia,China,08/11/2020,91665,43,38.286,4741,0,0.286,63.686,0.03,0.027,3.294,0,0,1.02,,,,,,,,,,,,,,,,,,,,,,63.43,1439323774,147.674,38.7,10.641,5.929,15308.712,0.7,261.899,9.74,1.9,48.4,,4.34,76.91,0.752
CHN,Asia,China,09/11/2020,91693,28,34.429,4741,0,0.286,63.706,0.019,0.024,3.294,0,0,1,,,,,,,,,,,,,,,,,,,,,,63.43,1439323774,147.674,38.7,10.641,5.929,15308.712,0.7,261.899,9.74,1.9,48.4,,4.34,76.91,0.752
CHN,Asia,China,10/11/2020,91719,26,34.429,4742,1,0.429,63.724,0.018,0.024,3.295,0.001,0,0.98,,,,,,,,,,,,,,,,,,,,,,63.43,1439323774,147.674,38.7,10.641,5.929,15308.712,0.7,261.899,9.74,1.9,48.4,,4.34,76.91,0.752
CHN,Asia,China,11/11/2020,91752,33,34.714,4742,0,0.286,63.747,0.023,0.024,3.295,0,0,0.98,,,,,,,,,,,,,,,,,,,,,,63.43,1439323774,147.674,38.7,10.641,5.929,15308.712,0.7,261.899,9.74,1.9,48.4,,4.34,76.91,0.752
CHN,Asia,China,12/11/2020,91783,31,33,4742,0,0.143,63.768,0.022,0.023,3.295,0,0,0.97,,,,,,,,,,,,,,,,,,,,,,63.43,1439323774,147.674,38.7,10.641,5.929,15308.712,0.7,261.899,9.74,1.9,48.4,,4.34,76.91,0.752
CHN,Asia,China,13/11/2020,91807,24,30.857,4742,0,0.143,63.785,0.017,0.021,3.295,0,0,0.97,,,,,,,,,,,,,,,,,,,,,,63.43,1439323774,147.674,38.7,10.641,5.929,15308.712,0.7,261.899,9.74,1.9,48.4,,4.34,76.91,0.752
CHN,Asia,China,14/11/2020,91828,21,29.429,4742,0,0.143,63.799,0.015,0.02,3.295,0,0,0.98,,,,,,,,,,,,,,,,,,,,,,63.43,1439323774,147.674,38.7,10.641,5.929,15308.712,0.7,261.899,9.74,1.9,48.4,,4.34,76.91,0.752
CHN,Asia,China,15/11/2020,91850,22,26.429,4742,0,0.143,63.815,0.015,0.018,3.295,0,0,1.01,,,,,,,,,,,,,,,,,,,,,,63.43,1439323774,147.674,38.7,10.641,5.929,15308.712,0.7,261.899,9.74,1.9,48.4,,4.34,76.91,0.752
CHN,Asia,China,16/11/2020,91872,22,25.571,4742,0,0.143,63.83,0.015,0.018,3.295,0,0,1.05,,,,,,,,,,,,,,,,,,,,,,63.43,1439323774,147.674,38.7,10.641,5.929,15308.712,0.7,261.899,9.74,1.9,48.4,,4.34,76.91,0.752
CHN,Asia,China,17/11/2020,91885,13,23.714,4742,0,0,63.839,0.009,0.016,3.295,0,0,1.1,,,,,,,,,,,,,,,,,,,,,,63.43,1439323774,147.674,38.7,10.641,5.929,15308.712,0.7,261.899,9.74,1.9,48.4,,4.34,76.91,0.752
CHN,Asia,China,18/11/2020,91906,21,22,4742,0,0,63.854,0.015,0.015,3.295,0,0,1.19,,,,,,,,,,,,,,,,,,,,,,63.43,1439323774,147.674,38.7,10.641,5.929,15308.712,0.7,261.899,9.74,1.9,48.4,,4.34,76.91,0.752
CHN,Asia,China,19/11/2020,91935,29,21.714,4742,0,0,63.874,0.02,0.015,3.295,0,0,1.3,,,,,,,,,,,,,,,,,,,,,,63.43,1439323774,147.674,38.7,10.641,5.929,15308.712,0.7,261.899,9.74,1.9,48.4,,4.34,76.91,0.752
CHN,Asia,China,20/11/2020,91977,42,24.286,4742,0,0,63.903,0.029,0.017,3.295,0,0,1.42,,,,,,,,,,,,,,,,,,,,,,76.39,1439323774,147.674,38.7,10.641,5.929,15308.712,0.7,261.899,9.74,1.9,48.4,,4.34,76.91,0.752
CHN,Asia,China,21/11/2020,92037,60,29.857,4742,0,0,63.945,0.042,0.021,3.295,0,0,1.52,,,,,,,,,,,,,,,,,,,,,,76.39,1439323774,147.674,38.7,10.641,5.929,15308.712,0.7,261.899,9.74,1.9,48.4,,4.34,76.91,0.752
CHN,Asia,China,22/11/2020,92116,79,38,4742,0,0,63.999,0.055,0.026,3.295,0,0,1.6,,,,,,,,,,,,,,,,,,,,,,76.39,1439323774,147.674,38.7,10.641,5.929,15308.712,0.7,261.899,9.74,1.9,48.4,,4.34,76.91,0.752
CHN,Asia,China,23/11/2020,92211,95,48.429,4742,0,0,64.066,0.066,0.034,3.295,0,0,1.63,,,,,,,,,,,,,,,,,,,,,,76.39,1439323774,147.674,38.7,10.641,5.929,15308.712,0.7,261.899,9.74,1.9,48.4,,4.34,76.91,0.752
CHN,Asia,China,24/11/2020,92296,85,58.714,4742,0,0,64.125,0.059,0.041,3.295,0,0,1.61,,,,,,,,,,,,,,,,,,,,,,81.94,1439323774,147.674,38.7,10.641,5.929,15308.712,0.7,261.899,9.74,1.9,48.4,,4.34,76.91,0.752
CHN,Asia,China,25/11/2020,92402,106,70.857,4742,0,0,64.198,0.074,0.049,3.295,0,0,1.59,,,,,,,,,,,,,,,,,,,,,,81.94,1439323774,147.674,38.7,10.641,5.929,15308.712,0.7,261.899,9.74,1.9,48.4,,4.34,76.91,0.752
CHN,Asia,China,26/11/2020,92488,86,79,4742,0,0,64.258,0.06,0.055,3.295,0,0,1.54,,,,,,,,,,,,,,,,,,,,,,81.94,1439323774,147.674,38.7,10.641,5.929,15308.712,0.7,261.899,9.74,1.9,48.4,,4.34,76.91,0.752
CHN,Asia,China,27/11/2020,92586,98,87,4742,0,0,64.326,0.068,0.06,3.295,0,0,1.51,,,,,,,,,,,,,,,,,,,,,,81.94,1439323774,147.674,38.7,10.641,5.929,15308.712,0.7,261.899,9.74,1.9,48.4,,4.34,76.91,0.752
CHN,Asia,China,28/11/2020,92681,95,92,4743,1,0.143,64.392,0.066,0.064,3.295,0.001,0,1.47,,,,,,,,,,,,,,,,,,,,,,81.94,1439323774,147.674,38.7,10.641,5.929,15308.712,0.7,261.899,9.74,1.9,48.4,,4.34,76.91,0.752
CHN,Asia,China,29/11/2020,92814,133,99.714,4743,0,0.143,64.484,0.092,0.069,3.295,0,0,1.43,,,,,,,,,,,,,,,,,,,,,,81.94,1439323774,147.674,38.7,10.641,5.929,15308.712,0.7,261.899,9.74,1.9,48.4,,4.34,76.91,0.752
CHN,Asia,China,30/11/2020,92902,88,98.714,4743,0,0.143,64.546,0.061,0.069,3.295,0,0,1.38,,,,,,,,,,,,,,,,,,,,,,81.94,1439323774,147.674,38.7,10.641,5.929,15308.712,0.7,261.899,9.74,1.9,48.4,,4.34,76.91,0.752
CHN,Asia,China,01/12/2020,92993,91,99.571,4743,0,0.143,64.609,0.063,0.069,3.295,0,0,1.34,,,,,,,,,,,,,,,,,,,,,,81.94,1439323774,147.674,38.7,10.641,5.929,15308.712,0.7,261.899,9.74,1.9,48.4,,4.34,76.91,0.752
CHN,Asia,China,02/12/2020,93113,120,101.571,4744,1,0.286,64.692,0.083,0.071,3.296,0.001,0,1.32,,,,,,,,,,,,,,,,,,,,,,81.94,1439323774,147.674,38.7,10.641,5.929,15308.712,0.7,261.899,9.74,1.9,48.4,,4.34,76.91,0.752
CHN,Asia,China,03/12/2020,93221,108,104.714,4745,1,0.429,64.767,0.075,0.073,3.297,0.001,0,1.28,,,,,,,,,,,,,,,,,,,,,,81.94,1439323774,147.674,38.7,10.641,5.929,15308.712,0.7,261.899,9.74,1.9,48.4,,4.34,76.91,0.752
CHN,Asia,China,04/12/2020,93348,127,108.857,4746,1,0.571,64.855,0.088,0.076,3.297,0.001,0,1.26,,,,,,,,,,,,,,,,,,,,,,81.94,1439323774,147.674,38.7,10.641,5.929,15308.712,0.7,261.899,9.74,1.9,48.4,,4.34,76.91,0.752
CHN,Asia,China,05/12/2020,93467,119,112.286,4746,0,0.429,64.938,0.083,0.078,3.297,0,0,1.22,,,,,,,,,,,,,,,,,,,,,,81.94,1439323774,147.674,38.7,10.641,5.929,15308.712,0.7,261.899,9.74,1.9,48.4,,4.34,76.91,0.752
CHN,Asia,China,06/12/2020,93577,110,109,4746,0,0.429,65.015,0.076,0.076,3.297,0,0,1.18,,,,,,,,,,,,,,,,,,,,,,81.94,1439323774,147.674,38.7,10.641,5.929,15308.712,0.7,261.899,9.74,1.9,48.4,,4.34,76.91,0.752
CHN,Asia,China,07/12/2020,93670,93,109.714,4746,0,0.429,65.079,0.065,0.076,3.297,0,0,1.15,,,,,,,,,,,,,,,,,,,,,,81.94,1439323774,147.674,38.7,10.641,5.929,15308.712,0.7,261.899,9.74,1.9,48.4,,4.34,76.91,0.752
CHN,Asia,China,08/12/2020,93782,112,112.714,4746,0,0.429,65.157,0.078,0.078,3.297,0,0,1.13,,,,,,,,,,,,,,,,,,,,,,78.24,1439323774,147.674,38.7,10.641,5.929,15308.712,0.7,261.899,9.74,1.9,48.4,,4.34,76.91,0.752
CHN,Asia,China,09/12/2020,93898,116,112.143,4748,2,0.571,65.238,0.081,0.078,3.299,0.001,0,1.11,,,,,,,,,,,,,,,,,,,,,,78.24,1439323774,147.674,38.7,10.641,5.929,15308.712,0.7,261.899,9.74,1.9,48.4,,4.34,76.91,0.752
CHN,Asia,China,10/12/2020,94025,127,114.857,4748,0,0.429,65.326,0.088,0.08,3.299,0,0,1.09,,,,,,,,,,,,,,,,,,,,,,78.24,1439323774,147.674,38.7,10.641,5.929,15308.712,0.7,261.899,9.74,1.9,48.4,,4.34,76.91,0.752
CHN,Asia,China,11/12/2020,94124,99,110.857,4748,0,0.286,65.395,0.069,0.077,3.299,0,0,1.06,,,,,,,,,,,,,,,,,,,,,,78.24,1439323774,147.674,38.7,10.641,5.929,15308.712,0.7,261.899,9.74,1.9,48.4,,4.34,76.91,0.752
CHN,Asia,China,12/12/2020,94217,93,107.143,4749,1,0.429,65.459,0.065,0.074,3.299,0.001,0,1.04,,,,,,,,,,,,,,,,,,,,,,78.24,1439323774,147.674,38.7,10.641,5.929,15308.712,0.7,261.899,9.74,1.9,48.4,,4.34,76.91,0.752
CHN,Asia,China,13/12/2020,94328,111,107.286,4751,2,0.714,65.536,0.077,0.075,3.301,0.001,0,1.03,,,,,,,,,,,,,,,,,,,,,,78.24,1439323774,147.674,38.7,10.641,5.929,15308.712,0.7,261.899,9.74,1.9,48.4,,4.34,76.91,0.752
CHN,Asia,China,14/12/2020,94427,99,108.143,4754,3,1.143,65.605,0.069,0.075,3.303,0.002,0.001,1.02,,,,,,,,,,,,,,,,,,,,,,78.24,1439323774,147.674,38.7,10.641,5.929,15308.712,0.7,261.899,9.74,1.9,48.4,,4.34,76.91,0.752
CHN,Asia,China,15/12/2020,94537,110,107.857,4757,3,1.571,65.682,0.076,0.075,3.305,0.002,0.001,1.01,,,,,,,,,,,,,,,,,,1500000,,0.1,,78.24,1439323774,147.674,38.7,10.641,5.929,15308.712,0.7,261.899,9.74,1.9,48.4,,4.34,76.91,0.752
CHN,Asia,China,16/12/2020,94626,89,104,4757,0,1.286,65.743,0.062,0.072,3.305,0,0.001,1,,,,,,,,,,,,,,,,,,,187500,,130,78.24,1439323774,147.674,38.7,10.641,5.929,15308.712,0.7,261.899,9.74,1.9,48.4,,4.34,76.91,0.752
CHN,Asia,China,17/12/2020,94734,108,101.286,4759,2,1.571,65.818,0.075,0.07,3.306,0.001,0.001,0.99,,,,,,,,,,,,,,,,,,,187500,,130,78.24,1439323774,147.674,38.7,10.641,5.929,15308.712,0.7,261.899,9.74,1.9,48.4,,4.34,76.91,0.752
CHN,Asia,China,18/12/2020,94821,87,99.571,4763,4,2.143,65.879,0.06,0.069,3.309,0.003,0.001,0.98,,,,,,,,,,,,,,,,,,,187500,,130,78.24,1439323774,147.674,38.7,10.641,5.929,15308.712,0.7,261.899,9.74,1.9,48.4,,4.34,76.91,0.752
CHN,Asia,China,19/12/2020,94953,132,105.143,4763,0,2,65.971,0.092,0.073,3.309,0,0.001,,,,,,,,,,,,,,,,,,,,187500,,130,78.24,1439323774,147.674,38.7,10.641,5.929,15308.712,0.7,261.899,9.74,1.9,48.4,,4.34,76.91,0.752
CHN,Asia,China,20/12/2020,95050,97,103.143,4764,1,1.857,66.038,0.067,0.072,3.31,0.001,0.001,,,,,,,,,,,,,,,,,,,,187500,,130,78.24,1439323774,147.674,38.7,10.641,5.929,15308.712,0.7,261.899,9.74,1.9,48.4,,4.34,76.91,0.752
CHN,Asia,China,21/12/2020,95150,100,103.286,4765,1,1.571,66.107,0.069,0.072,3.311,0.001,0.001,,,,,,,,,,,,,,,,,,,,187500,,130,78.24,1439323774,147.674,38.7,10.641,5.929,15308.712,0.7,261.899,9.74,1.9,48.4,,4.34,76.91,0.752
CHN,Asia,China,22/12/2020,95228,78,98.714,4766,1,1.286,66.162,0.054,0.069,3.311,0.001,0.001,,,,,,,,,,,,,,,,,,,,187500,,130,78.24,1439323774,147.674,38.7,10.641,5.929,15308.712,0.7,261.899,9.74,1.9,48.4,,4.34,76.91,0.752
CHN,Asia,China,23/12/2020,95298,70,96,4767,1,1.429,66.21,0.049,0.067,3.312,0.001,0.001,,,,,,,,,,,,,,,,,,,,187500,,130,78.24,1439323774,147.674,38.7,10.641,5.929,15308.712,0.7,261.899,9.74,1.9,48.4,,4.34,76.91,0.752
CHN,Asia,China,24/12/2020,95383,85,92.714,4769,2,1.429,66.269,0.059,0.064,3.313,0.001,0.001,,,,,,,,,,,,,,,,,,,,187500,,130,78.24,1439323774,147.674,38.7,10.641,5.929,15308.712,0.7,261.899,9.74,1.9,48.4,,4.34,76.91,0.752
CHN,Asia,China,25/12/2020,95460,77,91.286,4770,1,1,66.323,0.053,0.063,3.314,0.001,0.001,,,,,,,,,,,,,,,,,,,,187500,,130,78.24,1439323774,147.674,38.7,10.641,5.929,15308.712,0.7,261.899,9.74,1.9,48.4,,4.34,76.91,0.752
CHN,Asia,China,26/12/2020,95541,81,84,4770,0,1,66.379,0.056,0.058,3.314,0,0.001,,,,,,,,,,,,,,,,,,,,187500,,130,78.24,1439323774,147.674,38.7,10.641,5.929,15308.712,0.7,261.899,9.74,1.9,48.4,,4.34,76.91,0.752
CHN,Asia,China,27/12/2020,95632,91,83.143,4771,1,1,66.442,0.063,0.058,3.315,0.001,0.001,,,,,,,,,,,,,,,,,,,,187500,,130,78.24,1439323774,147.674,38.7,10.641,5.929,15308.712,0.7,261.899,9.74,1.9,48.4,,4.34,76.91,0.752
CHN,Asia,China,28/12/2020,95720,88,81.429,4775,4,1.429,66.503,0.061,0.057,3.318,0.003,0.001,,,,,,,,,,,,,,,,,,,,187500,,130,78.24,1439323774,147.674,38.7,10.641,5.929,15308.712,0.7,261.899,9.74,1.9,48.4,,4.34,76.91,0.752
CHN,Asia,China,29/12/2020,95797,77,81.286,4777,2,1.571,66.557,0.053,0.056,3.319,0.001,0.001,,,,,,,,,,,,,,,,,,,,187500,,130,78.24,1439323774,147.674,38.7,10.641,5.929,15308.712,0.7,261.899,9.74,1.9,48.4,,4.34,76.91,0.752
CHN,Asia,China,30/12/2020,95876,79,82.571,4781,4,2,66.612,0.055,0.057,3.322,0.003,0.001,,,,,,,,,,,,,,,,,,,,187500,,130,78.24,1439323774,147.674,38.7,10.641,5.929,15308.712,0.7,261.899,9.74,1.9,48.4,,4.34,76.91,0.752
CHN,Asia,China,31/12/2020,95963,87,82.857,4782,1,1.857,66.672,0.06,0.058,3.322,0.001,0.001,,,,,,,,,,,,,,,,,,,4500000,187500,0.31,130,78.24,1439323774,147.674,38.7,10.641,5.929,15308.712,0.7,261.899,9.74,1.9,48.4,,4.34,76.91,0.752
CHN,Asia,China,01/01/2021,96023,60,80.429,4782,0,1.714,66.714,0.042,0.056,3.322,0,0.001,,,,,,,,,,,,,,,,,,,,232143,,161,78.24,1439323774,147.674,38.7,10.641,5.929,15308.712,0.7,261.899,9.74,1.9,48.4,,4.34,76.91,0.752
CHN,Asia,China,02/01/2021,96086,63,77.857,4784,2,2,66.758,0.044,0.054,3.324,0.001,0.001,,,,,,,,,,,,,,,,,,,,276786,,192,78.24,1439323774,147.674,38.7,10.641,5.929,15308.712,0.7,261.899,9.74,1.9,48.4,,4.34,76.91,0.752
CHN,Asia,China,03/01/2021,96160,74,75.429,4784,0,1.857,66.809,0.051,0.052,3.324,0,0.001,,,,,,,,,,,,,,,,,,,,321429,,223,78.24,1439323774,147.674,38.7,10.641,5.929,15308.712,0.7,261.899,9.74,1.9,48.4,,4.34,76.91,0.752
CHN,Asia,China,04/01/2021,96246,86,75.143,4787,3,1.714,66.869,0.06,0.052,3.326,0.002,0.001,,,,,,,,,,,,,,,,,,,,366071,,254,78.24,1439323774,147.674,38.7,10.641,5.929,15308.712,0.7,261.899,9.74,1.9,48.4,,4.34,76.91,0.752
CHN,Asia,China,05/01/2021,96310,64,73.286,4787,0,1.429,66.913,0.044,0.051,3.326,0,0.001,,,,,,,,,,,,,,,,,,,,410714,,285,78.24,1439323774,147.674,38.7,10.641,5.929,15308.712,0.7,261.899,9.74,1.9,48.4,,4.34,76.91,0.752
CHN,Asia,China,06/01/2021,96398,88,74.571,4788,1,1,66.975,0.061,0.052,3.327,0.001,0.001,,,,,,,,,,,,,,,,,,,,455357,,316,78.24,1439323774,147.674,38.7,10.641,5.929,15308.712,0.7,261.899,9.74,1.9,48.4,,4.34,76.91,0.752
CHN,Asia,China,07/01/2021,96484,86,74.429,4788,0,0.857,67.034,0.06,0.052,3.327,0,0.001,,,,,,,,,,,,,,,,,,,,500000,,347,78.24,1439323774,147.674,38.7,10.641,5.929,15308.712,0.7,261.899,9.74,1.9,48.4,,4.34,76.91,0.752
CHN,Asia,China,08/01/2021,96562,78,77,4789,1,1,67.088,0.054,0.053,3.327,0.001,0.001,,,,,,,,,,,,,,,,,,,,500000,,347,78.24,1439323774,147.674,38.7,10.641,5.929,15308.712,0.7,261.899,9.74,1.9,48.4,,4.34,76.91,0.752
CHN,Asia,China,09/01/2021,96690,128,86.286,4791,2,1,67.177,0.089,0.06,3.329,0.001,0.001,,,,,,,,,,,,,,,,,,,9000000,500000,0.63,347,78.24,1439323774,147.674,38.7,10.641,5.929,15308.712,0.7,261.899,9.74,1.9,48.4,,4.34,76.91,0.752
CHN,Asia,China,10/01/2021,96824,134,94.857,4792,1,1.143,67.27,0.093,0.066,3.329,0.001,0.001,,,,,,,,,,,,,,,,,,,,,,,78.24,1439323774,147.674,38.7,10.641,5.929,15308.712,0.7,261.899,9.74,1.9,48.4,,4.34,76.91,0.752
