location,date,total_cases,new_cases,new_cases_smoothed,total_deaths,new_deaths,new_deaths_smoothed,total_cases_per_million,new_cases_per_million,new_cases_smoothed_per_million,total_deaths_per_million,new_deaths_per_million,new_deaths_smoothed_per_million,icu_patients,icu_patients_per_million,hosp_patients,hosp_patients_per_million,new_tests,total_tests,total_tests_per_thousand,new_tests_per_thousand,new_tests_smoothed,new_tests_smoothed_per_thousand,positive_rate,tests_per_case
United Kingdom,18/08/2020,322177,1113,1090.714,41466,12,10.286,4745.853,16.395,16.067,610.818,0.177,0.152,73,1.075,948,13.965,157194,13137301,193.52,2.316,166709,2.456,0.007,152.8
United Kingdom,19/08/2020,323008,831,1061,41483,17,9.857,4758.094,12.241,15.629,611.069,0.25,0.145,70,1.031,920,13.552,181358,13317181,196.17,2.672,166964,2.459,0.006,157.4
United Kingdom,20/08/2020,324203,1195,1067.714,41489,6,8.143,4775.697,17.603,15.728,611.157,0.088,0.12,76,1.12,905,13.331,174250,13492242,198.749,2.567,168450,2.481,0.006,157.8
United Kingdom,21/08/2020,325263,1060,1010.429,41491,2,6.857,4791.312,15.614,14.884,611.186,0.029,0.101,72,1.061,884,13.022,181878,13674120,201.428,2.679,170084,2.505,0.006,168.3
United Kingdom,22/08/2020,326595,1332,1051.857,41509,18,9,4810.933,19.621,15.494,611.452,0.265,0.133,71,1.046,938,13.817,177279,13851399,204.039,2.611,169667,2.499,0.006,161.3
United Kingdom,23/08/2020,327643,1048,1042.857,41515,6,9.143,4826.37,15.438,15.362,611.54,0.088,0.135,72,1.061,865,12.742,165455,14017466,206.485,2.437,169093,2.491,0.006,162.1
United Kingdom,24/08/2020,328620,977,1079.429,41519,4,9.286,4840.762,14.392,15.901,611.599,0.059,0.137,68,1.002,871,12.83,147940,14165419,208.665,2.179,169331,2.494,0.006,156.9
United Kingdom,25/08/2020,329821,1201,1092,41535,16,9.857,4858.454,17.691,16.086,611.835,0.236,0.145,68,1.002,839,12.359,179602,14366169,211.622,2.646,175553,2.586,0.006,160.8
United Kingdom,26/08/2020,330967,1146,1137,41552,17,9.857,4875.335,16.881,16.749,612.085,0.25,0.145,64,0.943,824,12.138,206143,14573699,214.679,3.037,179503,2.644,0.006,157.9
United Kingdom,27/08/2020,332509,1542,1186.571,41564,12,10.714,4898.049,22.715,17.479,612.262,0.177,0.158,71,1.046,835,12.3,194522,14775686,217.654,2.865,183349,2.701,0.006,154.5
United Kingdom,28/08/2020,333806,1297,1220.429,41573,9,11.714,4917.155,19.106,17.978,612.394,0.133,0.173,60,0.884,813,11.976,188974,14965319,220.448,2.784,184457,2.717,0.007,151.1
United Kingdom,29/08/2020,334916,1110,1188.714,41585,12,10.857,4933.506,16.351,17.51,612.571,0.177,0.16,66,0.972,828,12.197,180033,15145352,223.1,2.652,184850,2.723,0.006,155.5
United Kingdom,30/08/2020,336668,1752,1289.286,41586,1,10.143,4959.314,25.808,18.992,612.586,0.015,0.149,68,1.002,826,12.167,181038,15326390,225.767,2.667,186989,2.754,0.007,145
United Kingdom,31/08/2020,338083,1415,1351.857,41589,3,10,4980.158,20.844,19.914,612.63,0.044,0.147,71,1.046,849,12.506,180368,15506758,228.423,2.657,191620,2.823,0.007,141.7
United Kingdom,01/09/2020,339415,1332,1370.571,41592,3,8.143,4999.779,19.621,20.189,612.674,0.044,0.12,82,1.208,857,12.624,171339,15677964,230.945,2.524,187399,2.76,0.007,136.7
United Kingdom,02/09/2020,340929,1514,1423.143,41602,10,7.143,5022.081,22.302,20.964,612.821,0.147,0.105,81,1.193,799,11.77,196734,15886354,234.015,2.898,187522,2.762,0.008,131.8
United Kingdom,03/09/2020,342708,1779,1457,41616,14,7.429,5048.287,26.206,21.462,613.028,0.206,0.109,76,1.12,813,11.976,198603,16085952,236.955,2.926,187181,2.757,0.008,128.5
United Kingdom,04/09/2020,344686,1978,1554.286,41626,10,7.571,5077.424,29.137,22.896,613.175,0.147,0.112,69,1.016,814,11.991,202893,16288845,239.944,2.989,189075,2.785,0.008,121.6
United Kingdom,05/09/2020,346513,1827,1656.714,41638,12,7.571,5104.336,26.913,24.404,613.352,0.177,0.112,65,0.957,808,11.902,189054,16477899,242.729,2.785,190364,2.804,0.009,114.9
United Kingdom,06/09/2020,349500,2987,1833.143,41640,2,7.714,5148.337,44,27.003,613.381,0.029,0.114,69,1.016,814,11.991,192892,16670772,245.57,2.841,192055,2.829,0.01,104.8
United Kingdom,07/09/2020,352451,2951,2052.571,41643,3,7.714,5191.807,43.47,30.236,613.425,0.044,0.114,77,1.134,898,13.228,201965,16872752,248.545,2.975,195142,2.875,0.011,95.1
United Kingdom,08/09/2020,354932,2481,2216.714,41675,32,11.857,5228.353,36.547,32.653,613.897,0.471,0.175,80,1.178,890,13.11,202809,17076613,251.548,2.987,199807,2.943,0.011,90.1
United Kingdom,09/09/2020,357613,2681,2383.429,41683,8,11.571,5267.846,39.493,35.109,614.015,0.118,0.17,80,1.178,919,13.537,220626,17302598,254.877,3.25,202321,2.98,0.012,84.9
United Kingdom,10/09/2020,360544,2931,2548,41697,14,11.571,5311.021,43.175,37.534,614.221,0.206,0.17,78,1.149,939,13.832,233125,17544471,258.44,3.434,208360,3.069,0.012,81.8
United Kingdom,11/09/2020,364088,3544,2771.714,41703,6,11,5363.226,52.205,40.829,614.309,0.088,0.162,143,2.106,765,11.269,241650,17825744,262.583,3.56,219557,3.234,0.013,79.2
United Kingdom,12/09/2020,367592,3504,3011.286,41712,9,10.571,5414.842,51.616,44.358,614.442,0.133,0.156,86,1.267,807,11.888,228748,18054492,265.953,3.37,225228,3.318,0.013,74.8
United Kingdom,13/09/2020,370930,3338,3061.429,41717,5,11,5464.013,49.171,45.097,614.515,0.074,0.162,92,1.355,837,12.329,225380,18279872,269.273,3.32,229871,3.386,0.013,75.1
United Kingdom,14/09/2020,373555,2625,3014.857,41726,9,11.857,5502.681,38.668,44.411,614.648,0.133,0.175,105,1.547,976,14.377,216526,18496398,272.463,3.19,231949,3.417,0.013,76.9
United Kingdom,15/09/2020,376670,3115,3105.429,41753,27,11.143,5548.566,45.886,45.745,615.046,0.398,0.164,115,1.694,1061,15.629,236827,18734356,275.968,3.489,236820,3.488,0.013,76.3
United Kingdom,16/09/2020,380677,4007,3294.857,41773,20,12.857,5607.592,59.025,48.535,615.34,0.295,0.189,124,1.827,1101,16.218,242273,18979747,279.583,3.569,239593,3.529,0.014,72.7
United Kingdom,17/09/2020,384087,3410,3363.286,41794,21,13.857,5657.823,50.231,49.543,615.65,0.309,0.204,127,1.871,1157,17.043,240202,19221203,283.139,3.538,239533,3.528,0.014,71.2
United Kingdom,18/09/2020,388416,4329,3475.429,41821,27,16.857,5721.592,63.769,51.195,616.047,0.398,0.248,138,2.033,1215,17.898,266308,19488409,287.076,3.923,237524,3.499,0.015,68.3
United Kingdom,19/09/2020,392845,4429,3607.571,41848,27,19.429,5786.833,65.242,53.142,616.445,0.398,0.286,144,2.121,1294,19.061,250954,19739363,290.772,3.697,240696,3.546,0.015,66.7
United Kingdom,20/09/2020,396744,3899,3687.714,41866,18,21.286,5844.268,57.435,54.322,616.71,0.265,0.314,165,2.431,1392,20.505,234786,19974148,294.231,3.459,242039,3.565,0.015,65.6
United Kingdom,21/09/2020,401122,4378,3938.143,41877,11,21.571,5908.758,64.49,58.011,616.872,0.162,0.318,181,2.666,1552,22.862,206782,20180930,297.277,3.046,240647,3.545,0.016,61.1
United Kingdom,22/09/2020,406058,4936,4198.286,41914,37,23,5981.469,72.71,61.843,617.417,0.545,0.339,211,3.108,1631,24.026,234815,20391992,300.386,3.459,236805,3.488,0.018,56.4
United Kingdom,23/09/2020,412245,6187,4509.714,41951,37,25.429,6072.607,91.138,66.431,617.962,0.545,0.375,228,3.359,1725,25.41,259221,20652193,304.219,3.818,238921,3.519,0.019,53
United Kingdom,24/09/2020,418889,6644,4971.714,41991,40,28.143,6170.477,97.87,73.236,618.552,0.589,0.415,243,3.58,1841,27.119,262109,20927096,308.268,3.861,243699,3.59,0.02,49
United Kingdom,25/09/2020,425767,6878,5335.857,42025,34,29.143,6271.794,101.317,78.6,619.052,0.501,0.429,262,3.859,2015,29.682,288701,21217136,312.541,4.253,246961,3.638,0.022,46.3
United Kingdom,26/09/2020,431817,6050,5567.429,42060,35,30.286,6360.914,89.12,82.011,619.568,0.516,0.446,261,3.845,2028,29.874,255488,21472624,316.304,3.763,247609,3.647,0.022,44.5
United Kingdom,27/09/2020,437517,5700,5824.714,42077,17,30.143,6444.878,83.964,85.801,619.818,0.25,0.444,276,4.066,2183,32.157,263526,21736150,320.186,3.882,251715,3.708,0.023,43.2
United Kingdom,28/09/2020,441573,4056,5778.714,42090,13,30.429,6504.625,59.747,85.124,620.01,0.191,0.448,297,4.375,2394,35.265,227038,21963666,323.537,3.344,254677,3.752,0.023,44.1
United Kingdom,29/09/2020,448729,7156,6095.857,42162,72,35.429,6610.037,105.412,89.795,621.071,1.061,0.522,314,4.625,2415,35.574,232212,22209600,327.16,3.421,259658,3.825,0.023,42.6
United Kingdom,30/09/2020,455846,7117,6228.714,42233,71,40.286,6714.875,104.838,91.753,622.116,1.046,0.593,333,4.905,2525,37.195,255915,22468246,330.97,3.77,259436,3.822,0.024,41.7
United Kingdom,01/10/2020,462775,6929,6269.429,42292,59,43,6816.943,102.068,92.352,622.986,0.869,0.633,341,5.023,2584,38.064,264979,22738421,334.95,3.903,258761,3.812,0.024,41.3
United Kingdom,02/10/2020,469769,6994,6286,42358,66,47.571,6919.968,103.026,92.596,623.958,0.972,0.701,369,5.436,2714,39.979,269820,23008415,338.927,3.975,255897,3.77,0.025,40.7
United Kingdom,03/10/2020,482654,12885,7262.429,42407,49,49.571,7109.772,189.803,106.98,624.68,0.722,0.73,369,5.436,2860,42.129,286802,23295217,343.152,4.225,260370,3.835,0.028,35.9
United Kingdom,04/10/2020,505619,22965,9728.857,42440,33,51.857,7448.06,338.288,143.312,625.166,0.486,0.764,369,5.436,3049,44.914,250348,23545565,346.84,3.688,258488,3.808,0.038,26.6
United Kingdom,05/10/2020,518222,12603,10949.857,42459,19,52.714,7633.709,185.649,161.298,625.446,0.28,0.777,393,5.789,3362,49.524,273100,23818928,350.867,4.023,265037,3.904,0.041,24.2
United Kingdom,06/10/2020,532779,14557,12007.143,42535,76,53.286,7848.142,214.433,176.872,626.565,1.12,0.785,410,6.04,3634,53.531,261336,24081522,354.735,3.85,267417,3.939,0.045,22.3
United Kingdom,07/10/2020,546952,14173,13015.143,42605,70,53.143,8056.918,208.776,191.721,627.596,1.031,0.783,442,6.511,3885,57.228,254579,24337590,358.507,3.75,267049,3.934,0.049,20.5
United Kingdom,08/10/2020,564502,17550,14532.429,42682,77,55.714,8315.44,258.522,214.071,628.73,1.134,0.821,436,6.423,4075,60.027,285015,24640915,362.975,4.198,271785,4.004,0.053,18.7
United Kingdom,09/10/2020,578390,13888,15517.286,42769,87,58.714,8520.018,204.578,228.579,630.012,1.282,0.865,440,6.481,4162,61.309,296559,24937474,367.343,4.368,275580,4.059,0.056,17.8
United Kingdom,10/10/2020,593565,15175,15844.429,42850,81,63.286,8743.555,223.537,233.398,631.205,1.193,0.932,470,6.923,4349,64.063,279606,25217079,371.462,4.119,274552,4.044,0.058,17.3
United Kingdom,11/10/2020,606447,12882,14404,42915,65,67.857,8933.314,189.759,212.179,632.163,0.957,1,477,7.026,4661,68.659,258955,25476034,375.277,3.815,275781,4.062,0.052,19.1
United Kingdom,12/10/2020,620458,14011,14605.143,42965,50,72.286,9139.704,206.39,215.142,632.899,0.737,1.065,507,7.468,4952,72.946,219074,25697164,378.534,3.227,268319,3.952,0.054,18.4
United Kingdom,13/10/2020,637708,17250,14989.857,43108,143,81.857,9393.807,254.102,220.809,635.006,2.106,1.206,516,7.601,5286,77.866,264713,25999507,382.988,3.899,273998,4.036,0.055,18.3
United Kingdom,14/10/2020,657459,19751,15786.714,43245,137,91.429,9684.75,290.944,232.547,637.024,2.018,1.347,563,8.293,5590,82.344,295690,26301012,387.429,4.356,280489,4.132,0.056,17.8
United Kingdom,15/10/2020,676455,18996,15993.286,43383,138,100.143,9964.572,279.822,235.59,639.057,2.033,1.475,581,8.558,5925,87.279,304315,26605703,391.917,4.483,280684,4.135,0.057,17.6
United Kingdom,16/10/2020,692112,15657,16246,43519,136,107.143,10195.209,230.637,239.313,641.06,2.003,1.578,592,8.721,6288,92.626,312178,26917855,396.516,4.599,282912,4.167,0.057,17.4
United Kingdom,17/10/2020,708298,16186,16390.429,43669,150,117,10433.638,238.429,241.44,643.27,2.21,1.723,614,9.045,6538,96.309,308416,27226271,401.059,4.543,287027,4.228,0.057,17.5
United Kingdom,18/10/2020,725292,16994,16977.857,43736,67,117.286,10683.97,250.331,250.094,644.257,0.987,1.728,630,9.28,6822,100.492,306893,27533164,405.579,4.521,293876,4.329,0.058,17.3
United Kingdom,19/10/2020,744122,18830,17666.286,43816,80,121.571,10961.346,277.377,260.235,645.435,1.178,1.791,658,9.693,7325,107.901,260338,27795752,409.447,3.835,299798,4.416,0.059,17
United Kingdom,20/10/2020,765487,21365,18254.143,44057,241,135.571,11276.065,314.719,268.894,648.985,3.55,1.997,698,10.282,7844,115.547,279996,28078061,413.606,4.125,296936,4.374,0.061,16.3
United Kingdom,21/10/2020,792194,26707,19247.857,44248,191,143.286,11669.475,393.41,283.532,651.799,2.814,2.111,712,10.488,8124,119.671,310331,28399160,418.336,4.571,299735,4.415,0.064,15.6
United Kingdom,22/10/2020,813451,21257,19570.857,44437,189,150.571,11982.602,313.128,288.29,654.583,2.784,2.218,708,10.429,8302,122.293,340137,28744122,423.417,5.01,305488,4.5,0.064,15.6
United Kingdom,23/10/2020,834010,20559,20271.143,44661,224,163.143,12285.448,302.846,298.606,657.882,3.3,2.403,744,10.96,8878,130.778,346682,29090966,428.527,5.107,310444,4.573,0.065,15.3
United Kingdom,24/10/2020,857043,23033,21249.286,44835,174,166.571,12624.738,339.289,313.014,660.445,2.563,2.454,788,11.608,9251,136.273,317896,29408862,433.21,4.683,311799,4.593,0.068,14.7
United Kingdom,25/10/2020,876840,19797,21649.714,44986,151,178.571,12916.359,291.621,318.913,662.67,2.224,2.63,828,12.197,9776,144.006,321114,29729976,437.94,4.73,313830,4.623,0.069,14.5
United Kingdom,26/10/2020,897740,20900,21945.429,45088,102,181.714,13224.228,307.869,323.269,664.172,1.503,2.677,853,12.565,10098,148.749,261861,29994334,441.834,3.857,314083,4.627,0.07,14.3
United Kingdom,27/10/2020,920664,22924,22168.143,45455,367,199.714,13561.912,337.684,326.55,669.578,5.406,2.942,903,13.302,10926,160.946,280997,30282279,446.075,4.139,314888,4.638,0.07,14.2
United Kingdom,28/10/2020,945378,24714,21883.429,45765,310,216.714,13925.963,364.051,322.356,674.145,4.566,3.192,957,14.097,11423,168.267,308810,30591229,450.626,4.549,313153,4.613,0.07,14.3
United Kingdom,29/10/2020,968456,23078,22143.571,46045,280,229.714,14265.916,339.952,326.188,678.269,4.125,3.384,974,14.348,11570,170.433,347632,30941157,455.781,5.121,313862,4.623,0.071,14.2
United Kingdom,30/10/2020,992874,24418,22694.857,46319,274,236.857,14625.607,359.691,334.308,682.306,4.036,3.489,979,14.421,11775,173.453,305207,31249759,460.327,4.496,308399,4.543,0.074,13.6
United Kingdom,31/10/2020,1014793,21919,22535.714,46645,326,258.571,14948.486,322.88,331.964,687.108,4.802,3.809,1003,14.775,12292,181.068,292573,31544773,464.673,4.31,305130,4.495,0.074,13.5
United Kingdom,01/11/2020,1038054,23261,23030.571,46807,162,260.143,15291.134,342.648,339.254,689.494,2.386,3.832,979,14.421,12206,179.801,270473,31817159,468.685,3.984,298169,4.392,0.077,12.9
United Kingdom,02/11/2020,1057021,18967,22754.429,46943,136,265,15570.529,279.395,335.186,691.497,2.003,3.904,1075,15.835,13091,192.838,207831,32038760,471.949,3.061,292061,4.302,0.078,12.8
United Kingdom,03/11/2020,1077099,20078,22347.857,47340,397,269.286,15866.29,295.761,329.197,697.346,5.848,3.967,1144,16.852,13735,202.324,265136,32309598,475.939,3.906,289617,4.266,0.077,13
United Kingdom,04/11/2020,1102305,25206,22418.143,47832,492,295.286,16237.589,371.299,330.232,704.593,7.247,4.35,1193,17.574,13804,203.341,301288,32622996,480.556,4.438,290252,4.276,0.077,12.9
United Kingdom,05/11/2020,1126469,24164,22573.286,48210,378,309.286,16593.538,355.95,332.518,710.161,5.568,4.556,1183,17.426,13782,203.017,344159,32970741,485.678,5.07,289941,4.271,0.078,12.8
United Kingdom,06/11/2020,1149791,23322,22416.714,48565,355,320.857,16937.085,343.547,330.211,715.39,5.229,4.726,1187,17.485,13942,205.374,355032,33325865,490.909,5.23,296587,4.369,0.076,13.2
United Kingdom,07/11/2020,1174770,24979,22853.857,48978,413,333.286,17305.04,367.955,336.65,721.474,6.084,4.909,1207,17.78,14298,210.618,329430,33655295,495.762,4.853,301503,4.441,0.076,13.2
United Kingdom,08/11/2020,1195350,20580,22470.857,49134,156,332.429,17608.195,303.155,331.009,723.772,2.298,4.897,1232,18.148,14529,214.021,283397,33941724,499.981,4.175,303509,4.471,0.074,13.5
United Kingdom,09/11/2020,1216747,21397,22818,49329,195,340.857,17923.385,315.19,336.122,726.645,2.872,5.021,1271,18.723,15122,222.756,243245,34185815,503.577,3.583,306722,4.518,0.074,13.4
United Kingdom,10/11/2020,1237198,20451,22871.286,49861,532,360.143,18224.64,301.255,336.907,734.481,7.837,5.305,1219,17.957,14944,220.134,304843,34490306,508.062,4.491,311530,4.589,0.073,13.6
United Kingdom,11/11/2020,1260198,23000,22556.143,50457,596,375,18563.444,338.803,332.265,743.261,8.779,5.524,1268,18.678,15645,230.46,377608,34871387,513.676,5.562,321199,4.731,0.07,14.2
United Kingdom,12/11/2020,1293715,33517,23892.286,51020,563,401.429,19057.168,493.725,351.947,751.554,8.293,5.913,1275,18.781,15855,233.553,379955,35252165,519.285,5.597,325918,4.801,0.073,13.6
United Kingdom,13/11/2020,1321031,27316,24462.857,51396,376,404.429,19459.549,402.38,360.352,757.093,5.539,5.957,1355,19.96,16210,238.783,382110,35634389,524.915,5.629,329789,4.858,0.074,13.5
United Kingdom,14/11/2020,1347907,26876,24733.857,51858,462,411.429,19855.448,395.899,364.344,763.898,6.806,6.061,1365,20.107,16277,239.77,343784,35978280,529.981,5.064,331855,4.888,0.075,13.4
United Kingdom,15/11/2020,1372884,24977,25362,52026,168,413.143,20223.373,367.926,373.597,766.373,2.475,6.086,1397,20.579,16841,248.078,283866,36260720,534.141,4.182,331285,4.88,0.077,13.1
United Kingdom,16/11/2020,1394299,21415,25364.571,52240,214,415.857,20538.829,315.455,373.635,769.525,3.152,6.126,1391,20.49,17291,254.706,234189,36513502,537.865,3.45,332527,4.898,0.076,13.1
United Kingdom,17/11/2020,1414359,20060,25308.714,52839,599,425.429,20834.324,295.495,372.812,778.349,8.824,6.267,1420,20.917,17415,256.533,283358,36797786,542.053,4.174,329640,4.856,0.077,13
United Kingdom,18/11/2020,1434004,19645,24829.429,53368,529,415.857,21123.706,289.382,365.752,786.141,7.792,6.126,1430,21.065,17463,257.24,364490,37172632,547.574,5.369,328749,4.843,0.076,13.2
United Kingdom,19/11/2020,1456940,22936,23317.857,53870,502,407.143,21461.567,337.861,343.485,793.536,7.395,5.997,1426,21.006,17436,256.842,395436,37575856,553.514,5.825,331956,4.89,0.07,14.2
United Kingdom,20/11/2020,1477214,20274,22311.857,54381,511,426.429,21760.214,298.648,328.667,801.064,7.527,6.282,1421,20.932,17156,252.718,391667,37967604,559.285,5.769,333316,4.91,0.067,14.9
United Kingdom,21/11/2020,1497135,19921,21318.286,54721,340,409,22053.662,293.448,314.031,806.072,5.008,6.025,1447,21.315,17035,250.935,369040,38336683,564.721,5.436,336915,4.963,0.063,15.8
United Kingdom,22/11/2020,1515802,18667,20416.857,55120,399,442,22328.638,274.976,300.752,811.949,5.878,6.511,1454,21.418,17235,253.881,279041,38620055,568.896,4.11,337048,4.965,0.061,16.5
United Kingdom,23/11/2020,1531267,15465,19566.857,55327,207,441,22556.446,227.808,288.231,814.999,3.049,6.496,1487,21.904,17650,259.995,212533,38834497,572.055,3.131,331571,4.884,0.059,16.9
United Kingdom,24/11/2020,1542611,11344,18321.714,55935,608,442.286,22723.55,167.104,269.889,823.955,8.956,6.515,1489,21.934,17394,256.224,311763,39149830,576.7,4.592,336006,4.95,0.055,18.3
United Kingdom,25/11/2020,1560872,18261,18124,56630,695,466,22992.545,268.995,266.977,834.193,10.238,6.864,1480,21.801,17104,251.952,356026,39504682,581.927,5.244,333150,4.907,0.054,18.4
United Kingdom,26/11/2020,1578429,17557,17355.571,57128,498,465.429,23251.17,258.625,255.658,841.528,7.336,6.856,1456,21.448,16731,246.457,383521,39888901,587.587,5.649,330435,4.867,0.053,19
United Kingdom,27/11/2020,1593250,14821,16576.571,57648,520,466.714,23469.492,218.322,244.182,849.188,7.66,6.875,1417,20.873,16536,243.585,333917,40223088,592.509,4.919,322212,4.746,0.051,19.4
United Kingdom,28/11/2020,1609141,15891,16000.857,58127,479,486.571,23703.575,234.084,235.702,856.244,7.056,7.167,1378,20.299,15952,234.982,311126,40534403,597.095,4.583,313960,4.625,0.051,19.6
United Kingdom,29/11/2020,1621305,12164,15071.857,58342,215,460.286,23882.758,179.183,222.017,859.411,3.167,6.78,1388,20.446,16277,239.77,219899,40756444,600.366,3.239,305198,4.496,0.049,20.2
United Kingdom,30/11/2020,1633733,12428,14638,58545,203,459.714,24065.83,183.072,215.626,862.402,2.99,6.772,1357,19.989,16527,243.452,214835,40989701,603.802,3.165,307886,4.535,0.048,21
United Kingdom,01/12/2020,1647230,13497,14945.571,59148,603,459,24264.648,198.819,220.157,871.284,8.883,6.761,1351,19.901,16274,239.725,312003,41307854,608.489,4.596,308289,4.541,0.048,20.6
United Kingdom,02/12/2020,1663467,16237,14656.429,59796,648,452.286,24503.829,239.18,215.898,880.83,9.545,6.662,1315,19.371,15939,234.791,352990,41660895,613.689,5.2,308030,4.537,0.048,21
United Kingdom,03/12/2020,1678418,14951,14284.143,60210,414,440.286,24724.065,220.237,210.414,886.928,6.098,6.486,1261,18.575,15619,230.077,389476,42052539,619.458,5.737,309091,4.553,0.046,21.6
United Kingdom,04/12/2020,1694800,16382,14507.143,60714,504,438,24965.382,241.316,213.699,894.352,7.424,6.452,1274,18.767,15688,231.093,380886,42433500,625.07,5.611,315773,4.652,0.046,21.8
United Kingdom,05/12/2020,1710379,15579,14462.571,61111,397,426.286,25194.869,229.488,213.042,900.2,5.848,6.279,1247,18.369,15647,230.489,354799,42788342,630.297,5.226,321991,4.743,0.045,22.3
United Kingdom,06/12/2020,1727751,17372,15206.571,61342,231,428.571,25450.769,255.9,224.002,903.603,3.403,6.313,1249,18.398,15919,234.496,272787,43061173,634.316,4.018,329247,4.85,0.046,21.7
United Kingdom,07/12/2020,1742525,14774,15541.714,61531,189,426.571,25668.398,217.63,228.938,906.387,2.784,6.284,1271,18.723,16369,241.125,215981,43279583,637.533,3.182,327126,4.819,0.048,21
United Kingdom,08/12/2020,1754911,12386,15383,62130,599,426,25850.851,182.453,226.6,915.211,8.824,6.275,1272,18.737,16428,241.994,294966,43574642,641.88,4.345,323827,4.77,0.048,21.1
United Kingdom,09/12/2020,1771545,16634,15439.714,62663,533,409.571,26095.88,245.028,227.436,923.062,7.851,6.033,1243,18.31,16281,239.829,369586,43957226,647.515,5.444,328047,4.832,0.047,21.2
United Kingdom,10/12/2020,1792611,21066,16313.286,63179,516,424.143,26406.194,310.314,240.304,930.663,7.601,6.248,1267,18.664,16670,245.559,400646,44357906,653.418,5.902,329338,4.851,0.05,20.2
United Kingdom,11/12/2020,1814395,21784,17085,63603,424,412.714,26727.085,320.891,251.672,936.909,6.246,6.08,1275,18.781,16829,247.901,391531,44749538,659.187,5.767,330863,4.874,0.052,19.4
United Kingdom,12/12/2020,1835949,21554,17938.571,64123,520,430.286,27044.588,317.503,264.246,944.569,7.66,6.338,1243,18.31,16849,248.195,358491,45108048,664.468,5.281,331387,4.882,0.054,18.5
United Kingdom,13/12/2020,1854490,18541,18105.571,64267,144,417.857,27317.707,273.12,266.706,946.69,2.121,6.155,1281,18.87,17477,257.446,312273,45420339,669.068,4.6,337024,4.965,0.054,18.6
United Kingdom,14/12/2020,1874867,20377,18906,64500,233,424.143,27617.872,300.165,278.496,950.122,3.432,6.248,1288,18.973,18185,267.876,275772,45696137,673.13,4.062,345222,5.085,0.055,18.3
United Kingdom,15/12/2020,1893436,18569,19789.286,65006,506,410.857,27891.405,273.532,291.508,957.576,7.454,6.052,1326,19.533,18149,267.345,304360,46009318,677.744,4.483,347811,5.123,0.057,17.6
United Kingdom,16/12/2020,1918736,25300,21027.286,65618,612,422.143,28264.088,372.684,309.744,966.591,9.015,6.218,1340,19.739,18601,274.003,364388,46373777,683.112,5.368,345222,5.085,0.061,16.4
United Kingdom,17/12/2020,1954268,35532,23093.857,66150,532,424.429,28787.495,523.407,340.186,974.428,7.837,6.252,1366,20.122,18893,278.305,375185,46771368,688.969,5.527,344780,5.079,0.067,14.9
United Kingdom,18/12/2020,1982828,28560,24061.857,66640,490,433.857,29208.2,420.705,354.445,981.646,7.218,6.391,1364,20.093,19034,280.382,390130,47162512,694.731,5.747,344711,5.078,0.07,14.3
United Kingdom,19/12/2020,2010077,27249,24875.429,67177,537,436.286,29609.594,401.393,366.429,989.556,7.91,6.427,1412,20.8,19379,285.464,440584,47603238,701.223,6.49,356456,5.251,0.07,14.3
United Kingdom,20/12/2020,2046161,36084,27381.571,67503,326,462.286,30141.132,531.538,403.346,994.358,4.802,6.81,1442,21.241,19914,293.345,433470,48036807,707.61,6.385,373781,5.506,0.073,13.7
United Kingdom,21/12/2020,2079678,33517,29258.714,67718,215,459.714,30634.857,493.725,430.998,997.525,3.167,6.772,1512,22.273,21037,309.887,423675,48469931,713.99,6.241,396256,5.837,0.074,13.5
United Kingdom,22/12/2020,2116609,36931,31881.857,68409,691,486.143,31178.872,544.015,469.638,1007.704,10.179,7.161,1529,22.523,21387,315.043,453903,48926548,720.716,6.686,416747,6.139,0.077,13.1
United Kingdom,23/12/2020,2155996,39387,33894.286,69157,748,505.571,31759.065,580.193,499.282,1018.723,11.018,7.447,1554,22.891,21116,311.051,509507,49436437,728.227,7.505,437523,6.445,0.077,12.9
United Kingdom,24/12/2020,2195144,39148,34410.857,69732,575,511.714,32335.737,576.673,506.892,1027.193,8.47,7.538,1607,23.672,21463,316.162,463123,49899989,735.056,6.822,446946,6.584,0.077,13
United Kingdom,25/12/2020,2227947,32803,35017,70302,570,523.143,32818.945,483.207,515.821,1035.589,8.396,7.706,1616,23.805,20797,306.352,339024,50239228,740.053,4.994,439531,6.475,0.08,12.6
United Kingdom,26/12/2020,2262735,34788,36094,70513,211,476.571,33331.392,512.447,531.685,1038.697,3.108,7.02,1682,24.777,21592,318.063,269876,50509650,744.036,3.975,415202,6.116,0.087,11.5
United Kingdom,27/12/2020,2295228,32493,35581,70860,347,479.571,33810.032,478.641,524.129,1043.809,5.112,7.064,1751,25.793,22614,333.117,352702,50931123,750.245,5.196,413474,6.091,0.086,11.6
United Kingdom,28/12/2020,2336688,41460,36715.714,71217,357,499.857,34420.762,610.73,540.844,1049.067,5.259,7.363,1847,27.207,23902,352.09,357238,51289157,755.519,5.262,402747,5.933,0.091,11
United Kingdom,29/12/2020,2389963,53275,39050.571,71675,458,466.571,35205.534,784.771,575.237,1055.814,6.747,6.873,1939,28.563,25386,373.95,344775,51635380,760.619,5.079,386976,5.7,0.101,9.9
United Kingdom,30/12/2020,2440202,50239,40600.857,72657,982,500,35945.583,740.049,598.074,1070.28,14.465,7.365,2066,30.433,26368,388.416,420492,52058247,766.848,6.194,374544,5.517,0.108,9.2
United Kingdom,31/12/2020,2496231,56029,43012.429,73622,965,555.714,36770.923,825.339,633.598,1084.495,14.215,8.186,2122,31.258,26372,388.475,482473,52560089,774.24,7.107,380014,5.598,0.113,8.8
